Datetime,Open,High,Low,Close,Adj Close,Volume,Timestamp
2024-08-28 09:00:00+09:00,75800.0,76100.0,75400.0,75700.0,75700.0,2091358,2024-08-28 06:00:00
2024-08-28 10:00:00+09:00,75800.0,75800.0,75500.0,75600.0,75600.0,1084755,2024-08-28 06:00:00
2024-08-28 11:00:00+09:00,75600.0,75800.0,75500.0,75600.0,75600.0,733617,2024-08-28 06:00:00
2024-08-28 12:00:00+09:00,75700.0,75700.0,75400.0,75600.0,75600.0,738709,2024-08-28 06:00:00
2024-08-28 13:00:00+09:00,75500.0,76300.0,75500.0,76100.0,76100.0,1901976,2024-08-28 06:00:00
2024-08-28 14:00:00+09:00,76200.0,76300.0,75900.0,76000.0,76000.0,1146428,2024-08-28 06:00:00
2024-08-28 09:00:00+09:00,75800.0,76100.0,75400.0,75700.0,75700.0,0,2024-08-28 07:00:00
2024-08-28 10:00:00+09:00,75800.0,75800.0,75500.0,75600.0,75600.0,1084755,2024-08-28 07:00:00
2024-08-28 11:00:00+09:00,75600.0,75800.0,75500.0,75600.0,75600.0,733617,2024-08-28 07:00:00
2024-08-28 12:00:00+09:00,75700.0,75700.0,75400.0,75600.0,75600.0,738709,2024-08-28 07:00:00
2024-08-28 13:00:00+09:00,75500.0,76300.0,75500.0,76100.0,76100.0,1901976,2024-08-28 07:00:00
2024-08-28 14:00:00+09:00,76200.0,76300.0,75900.0,76300.0,76300.0,1576762,2024-08-28 07:00:00
2024-08-28 09:00:00+09:00,75800.0,76100.0,75400.0,75700.0,75700.0,0,2024-08-28 08:00:01
2024-08-28 10:00:00+09:00,75800.0,75800.0,75500.0,75600.0,75600.0,1084755,2024-08-28 08:00:01
2024-08-28 11:00:00+09:00,75600.0,75800.0,75500.0,75600.0,75600.0,733617,2024-08-28 08:00:01
2024-08-28 12:00:00+09:00,75700.0,75700.0,75400.0,75600.0,75600.0,738709,2024-08-28 08:00:01
2024-08-28 13:00:00+09:00,75500.0,76300.0,75500.0,76100.0,76100.0,1901976,2024-08-28 08:00:01
2024-08-28 14:00:00+09:00,76200.0,76300.0,75900.0,76300.0,76300.0,1576762,2024-08-28 08:00:01
2024-08-28 09:00:00+09:00,75800.0,76100.0,75400.0,75700.0,75700.0,0,2024-08-28 08:17:44
2024-08-28 10:00:00+09:00,75800.0,75800.0,75500.0,75600.0,75600.0,1084755,2024-08-28 08:17:44
2024-08-28 11:00:00+09:00,75600.0,75800.0,75500.0,75600.0,75600.0,733617,2024-08-28 08:17:44
2024-08-28 12:00:00+09:00,75700.0,75700.0,75400.0,75600.0,75600.0,738709,2024-08-28 08:17:44
2024-08-28 13:00:00+09:00,75500.0,76300.0,75500.0,76100.0,76100.0,1901976,2024-08-28 08:17:44
2024-08-28 14:00:00+09:00,76200.0,76300.0,75900.0,76300.0,76300.0,1576762,2024-08-28 08:17:44
2024-08-28 09:00:00+09:00,75800.0,76100.0,75400.0,75700.0,75700.0,0,2024-08-28 08:17:44
2024-08-28 10:00:00+09:00,75800.0,75800.0,75500.0,75600.0,75600.0,1084755,2024-08-28 08:17:44
2024-08-28 11:00:00+09:00,75600.0,75800.0,75500.0,75600.0,75600.0,733617,2024-08-28 08:17:44
2024-08-28 12:00:00+09:00,75700.0,75700.0,75400.0,75600.0,75600.0,738709,2024-08-28 08:17:44
2024-08-28 13:00:00+09:00,75500.0,76300.0,75500.0,76100.0,76100.0,1901976,2024-08-28 08:17:44
2024-08-28 14:00:00+09:00,76200.0,76300.0,75900.0,76300.0,76300.0,1576762,2024-08-28 08:17:44
2024-08-28 09:00:00+09:00,75800.0,76100.0,75400.0,75700.0,75700.0,0,2024-08-28 08:21:29
2024-08-28 10:00:00+09:00,75800.0,75800.0,75500.0,75600.0,75600.0,1084755,2024-08-28 08:21:29
2024-08-28 11:00:00+09:00,75600.0,75800.0,75500.0,75600.0,75600.0,733617,2024-08-28 08:21:29
2024-08-28 12:00:00+09:00,75700.0,75700.0,75400.0,75600.0,75600.0,738709,2024-08-28 08:21:29
2024-08-28 13:00:00+09:00,75500.0,76300.0,75500.0,76100.0,76100.0,1901976,2024-08-28 08:21:29
2024-08-28 14:00:00+09:00,76200.0,76300.0,75900.0,76300.0,76300.0,1576762,2024-08-28 08:21:29
2024-08-28 09:00:00+09:00,75800.0,76100.0,75400.0,75700.0,75700.0,0,2024-08-28 23:39:39
2024-08-28 10:00:00+09:00,75800.0,75800.0,75500.0,75600.0,75600.0,1084755,2024-08-28 23:39:39
2024-08-28 11:00:00+09:00,75600.0,75800.0,75500.0,75600.0,75600.0,733617,2024-08-28 23:39:39
2024-08-28 12:00:00+09:00,75700.0,75700.0,75400.0,75600.0,75600.0,738709,2024-08-28 23:39:39
2024-08-28 13:00:00+09:00,75500.0,76300.0,75500.0,76100.0,76100.0,1901976,2024-08-28 23:39:39
2024-08-28 14:00:00+09:00,76200.0,76300.0,75900.0,76300.0,76300.0,1576762,2024-08-28 23:39:39
2024-08-28 09:00:00+09:00,75800.0,76100.0,75400.0,75700.0,75700.0,0,2024-08-28 23:39:39
2024-08-28 10:00:00+09:00,75800.0,75800.0,75500.0,75600.0,75600.0,1084755,2024-08-28 23:39:39
2024-08-28 11:00:00+09:00,75600.0,75800.0,75500.0,75600.0,75600.0,733617,2024-08-28 23:39:39
2024-08-28 12:00:00+09:00,75700.0,75700.0,75400.0,75600.0,75600.0,738709,2024-08-28 23:39:39
2024-08-28 13:00:00+09:00,75500.0,76300.0,75500.0,76100.0,76100.0,1901976,2024-08-28 23:39:39
2024-08-28 14:00:00+09:00,76200.0,76300.0,75900.0,76300.0,76300.0,1576762,2024-08-28 23:39:39
2024-08-28 09:00:00+09:00,75800.0,76100.0,75400.0,75700.0,75700.0,0,2024-08-28 23:39:39
2024-08-28 10:00:00+09:00,75800.0,75800.0,75500.0,75600.0,75600.0,1084755,2024-08-28 23:39:39
2024-08-28 11:00:00+09:00,75600.0,75800.0,75500.0,75600.0,75600.0,733617,2024-08-28 23:39:39
2024-08-28 12:00:00+09:00,75700.0,75700.0,75400.0,75600.0,75600.0,738709,2024-08-28 23:39:39
2024-08-28 13:00:00+09:00,75500.0,76300.0,75500.0,76100.0,76100.0,1901976,2024-08-28 23:39:39
2024-08-28 14:00:00+09:00,76200.0,76300.0,75900.0,76300.0,76300.0,1576762,2024-08-28 23:39:39
2024-08-28 09:00:00+09:00,75800.0,76100.0,75400.0,75700.0,75700.0,0,2024-08-28 23:39:39
2024-08-28 10:00:00+09:00,75800.0,75800.0,75500.0,75600.0,75600.0,1084755,2024-08-28 23:39:39
2024-08-28 11:00:00+09:00,75600.0,75800.0,75500.0,75600.0,75600.0,733617,2024-08-28 23:39:39
2024-08-28 12:00:00+09:00,75700.0,75700.0,75400.0,75600.0,75600.0,738709,2024-08-28 23:39:39
2024-08-28 13:00:00+09:00,75500.0,76300.0,75500.0,76100.0,76100.0,1901976,2024-08-28 23:39:39
2024-08-28 14:00:00+09:00,76200.0,76300.0,75900.0,76300.0,76300.0,1576762,2024-08-28 23:39:39
2024-08-29 09:00:00+09:00,73600.0,74400.0,73500.0,74300.0,74300.0,4077210,2024-08-29 01:00:01
2024-08-29 09:00:00+09:00,73600.0,74400.0,73500.0,74300.0,74300.0,4077210,2024-08-29 01:00:01
2024-08-29 09:00:00+09:00,73600.0,74500.0,73500.0,74400.0,74400.0,5003035,2024-08-29 02:00:00
2024-08-29 10:00:00+09:00,74300.0,74700.0,74100.0,74200.0,74200.0,2009576,2024-08-29 02:00:00
2024-08-29 09:00:00+09:00,73600.0,74500.0,73500.0,74400.0,74400.0,5003035,2024-08-29 02:00:01
2024-08-29 10:00:00+09:00,74300.0,74700.0,74100.0,74200.0,74200.0,2009576,2024-08-29 02:00:01
2024-08-29 09:00:00+09:00,73800.0,74500.0,73500.0,74400.0,74400.0,5003064,2024-08-29 03:00:00
2024-08-29 10:00:00+09:00,74300.0,74700.0,74000.0,74100.0,74100.0,2544721,2024-08-29 03:00:00
2024-08-29 11:00:00+09:00,74100.0,74200.0,74000.0,74100.0,74100.0,707188,2024-08-29 03:00:00
2024-08-29 09:00:00+09:00,73800.0,74500.0,73500.0,74400.0,74400.0,5003064,2024-08-29 03:00:01
2024-08-29 10:00:00+09:00,74300.0,74700.0,74000.0,74100.0,74100.0,2544721,2024-08-29 03:00:01
2024-08-29 11:00:00+09:00,74100.0,74200.0,74000.0,74100.0,74100.0,707188,2024-08-29 03:00:01
2024-08-29 09:00:00+09:00,73800.0,74500.0,73500.0,74400.0,74400.0,5003064,2024-08-29 04:00:01
2024-08-29 10:00:00+09:00,74300.0,74700.0,74000.0,74100.0,74100.0,2544721,2024-08-29 04:00:01
2024-08-29 11:00:00+09:00,74100.0,74200.0,74000.0,74100.0,74100.0,1139690,2024-08-29 04:00:01
2024-08-29 12:00:00+09:00,74000.0,74200.0,74000.0,74200.0,74200.0,893114,2024-08-29 04:00:01
2024-08-29 09:00:00+09:00,73800.0,74500.0,73500.0,74400.0,74400.0,5003064,2024-08-29 04:00:01
2024-08-29 10:00:00+09:00,74300.0,74700.0,74000.0,74100.0,74100.0,2544721,2024-08-29 04:00:01
2024-08-29 11:00:00+09:00,74100.0,74200.0,74000.0,74100.0,74100.0,1139690,2024-08-29 04:00:01
2024-08-29 12:00:00+09:00,74000.0,74200.0,74000.0,74200.0,74200.0,893114,2024-08-29 04:00:01
2024-08-29 09:00:00+09:00,73800.0,74500.0,73500.0,74400.0,74400.0,5003064,2024-08-29 05:00:00
2024-08-29 10:00:00+09:00,74300.0,74700.0,74000.0,74100.0,74100.0,2544721,2024-08-29 05:00:00
2024-08-29 11:00:00+09:00,74100.0,74200.0,74000.0,74100.0,74100.0,1139690,2024-08-29 05:00:00
2024-08-29 12:00:00+09:00,74000.0,74200.0,74000.0,74000.0,74000.0,1319024,2024-08-29 05:00:00
2024-08-29 13:00:00+09:00,74000.0,74200.0,74000.0,74100.0,74100.0,659087,2024-08-29 05:00:00
2024-08-29 09:00:00+09:00,73800.0,74500.0,73500.0,74400.0,74400.0,5003064,2024-08-29 05:00:01
2024-08-29 10:00:00+09:00,74300.0,74700.0,74000.0,74100.0,74100.0,2544721,2024-08-29 05:00:01
2024-08-29 11:00:00+09:00,74100.0,74200.0,74000.0,74100.0,74100.0,1139690,2024-08-29 05:00:01
2024-08-29 12:00:00+09:00,74000.0,74200.0,74000.0,74000.0,74000.0,1319024,2024-08-29 05:00:01
2024-08-29 13:00:00+09:00,74000.0,74200.0,74000.0,74100.0,74100.0,659087,2024-08-29 05:00:01
2024-08-29 09:00:00+09:00,73800.0,74500.0,73500.0,74400.0,74400.0,5003064,2024-08-29 06:00:01
2024-08-29 10:00:00+09:00,74300.0,74700.0,74000.0,74100.0,74100.0,2544721,2024-08-29 06:00:01
2024-08-29 11:00:00+09:00,74100.0,74200.0,74000.0,74100.0,74100.0,1139690,2024-08-29 06:00:01
2024-08-29 12:00:00+09:00,74000.0,74200.0,74000.0,74000.0,74000.0,1319024,2024-08-29 06:00:01
2024-08-29 13:00:00+09:00,74000.0,74400.0,74000.0,74200.0,74200.0,1623007,2024-08-29 06:00:01
2024-08-29 14:00:00+09:00,74300.0,74300.0,74000.0,74100.0,74100.0,1210221,2024-08-29 06:00:01
2024-08-29 09:00:00+09:00,73800.0,74500.0,73500.0,74400.0,74400.0,5003064,2024-08-29 06:00:01
2024-08-29 10:00:00+09:00,74300.0,74700.0,74000.0,74100.0,74100.0,2544721,2024-08-29 06:00:01
2024-08-29 11:00:00+09:00,74100.0,74200.0,74000.0,74100.0,74100.0,1139690,2024-08-29 06:00:01
2024-08-29 12:00:00+09:00,74000.0,74200.0,74000.0,74000.0,74000.0,1319024,2024-08-29 06:00:01
2024-08-29 13:00:00+09:00,74000.0,74400.0,74000.0,74200.0,74200.0,1623007,2024-08-29 06:00:01
2024-08-29 14:00:00+09:00,74300.0,74300.0,74000.0,74100.0,74100.0,1210221,2024-08-29 06:00:01
2024-08-29 09:00:00+09:00,73800.0,74500.0,73500.0,74400.0,74400.0,0,2024-08-29 07:00:00
2024-08-29 10:00:00+09:00,74300.0,74700.0,74000.0,74100.0,74100.0,2544721,2024-08-29 07:00:00
2024-08-29 11:00:00+09:00,74100.0,74200.0,74000.0,74100.0,74100.0,1139690,2024-08-29 07:00:00
2024-08-29 12:00:00+09:00,74000.0,74200.0,74000.0,74000.0,74000.0,1319024,2024-08-29 07:00:00
2024-08-29 13:00:00+09:00,74000.0,74400.0,74000.0,74200.0,74200.0,1623007,2024-08-29 07:00:00
2024-08-29 14:00:00+09:00,74300.0,74300.0,74000.0,74000.0,74000.0,1628997,2024-08-29 07:00:00
2024-08-29 09:00:00+09:00,73800.0,74500.0,73500.0,74400.0,74400.0,0,2024-08-29 07:00:00
2024-08-29 10:00:00+09:00,74300.0,74700.0,74000.0,74100.0,74100.0,2544721,2024-08-29 07:00:00
2024-08-29 11:00:00+09:00,74100.0,74200.0,74000.0,74100.0,74100.0,1139690,2024-08-29 07:00:00
2024-08-29 12:00:00+09:00,74000.0,74200.0,74000.0,74000.0,74000.0,1319024,2024-08-29 07:00:00
2024-08-29 13:00:00+09:00,74000.0,74400.0,74000.0,74200.0,74200.0,1623007,2024-08-29 07:00:00
2024-08-29 14:00:00+09:00,74300.0,74300.0,74000.0,74000.0,74000.0,1628997,2024-08-29 07:00:00
2024-09-03 09:00:00+09:00,74100.0,74300.0,73800.0,73900.0,73900.0,0,2024-09-03 06:13:23
2024-09-03 10:00:00+09:00,74000.0,74100.0,73800.0,73800.0,73800.0,1031061,2024-09-03 06:13:23
2024-09-03 11:00:00+09:00,73900.0,74000.0,73600.0,73700.0,73700.0,1351724,2024-09-03 06:13:23
2024-09-03 12:00:00+09:00,73600.0,73700.0,73200.0,73300.0,73300.0,2885905,2024-09-03 06:13:23
2024-09-03 13:00:00+09:00,73300.0,73400.0,72900.0,72900.0,72900.0,3170839,2024-09-03 06:13:23
2024-09-03 14:00:00+09:00,73000.0,73000.0,72700.0,72800.0,72800.0,2041837,2024-09-03 06:13:23
2024-09-03 09:00:00+09:00,74100.0,74300.0,73800.0,73900.0,73900.0,0,2024-09-03 06:13:23
2024-09-03 10:00:00+09:00,74000.0,74100.0,73800.0,73800.0,73800.0,1031061,2024-09-03 06:13:23
2024-09-03 11:00:00+09:00,73900.0,74000.0,73600.0,73700.0,73700.0,1351724,2024-09-03 06:13:23
2024-09-03 12:00:00+09:00,73600.0,73700.0,73200.0,73300.0,73300.0,2885905,2024-09-03 06:13:23
2024-09-03 13:00:00+09:00,73300.0,73400.0,72900.0,72900.0,72900.0,3170839,2024-09-03 06:13:23
2024-09-03 14:00:00+09:00,73000.0,73000.0,72700.0,72800.0,72800.0,2041837,2024-09-03 06:13:23
2024-09-03 09:00:00+09:00,74100.0,74300.0,73800.0,73900.0,73900.0,0,2024-09-03 06:13:23
2024-09-03 10:00:00+09:00,74000.0,74100.0,73800.0,73800.0,73800.0,1031061,2024-09-03 06:13:23
2024-09-03 11:00:00+09:00,73900.0,74000.0,73600.0,73700.0,73700.0,1351724,2024-09-03 06:13:23
2024-09-03 12:00:00+09:00,73600.0,73700.0,73200.0,73300.0,73300.0,2885905,2024-09-03 06:13:23
2024-09-03 13:00:00+09:00,73300.0,73400.0,72900.0,72900.0,72900.0,3170839,2024-09-03 06:13:23
2024-09-03 14:00:00+09:00,73000.0,73000.0,72700.0,72800.0,72800.0,2041837,2024-09-03 06:13:23
2024-09-03 09:00:00+09:00,74100.0,74300.0,73800.0,73900.0,73900.0,0,2024-09-03 06:13:23
2024-09-03 10:00:00+09:00,74000.0,74100.0,73800.0,73800.0,73800.0,1031061,2024-09-03 06:13:23
2024-09-03 11:00:00+09:00,73900.0,74000.0,73600.0,73700.0,73700.0,1351724,2024-09-03 06:13:23
2024-09-03 12:00:00+09:00,73600.0,73700.0,73200.0,73300.0,73300.0,2885905,2024-09-03 06:13:23
2024-09-03 13:00:00+09:00,73300.0,73400.0,72900.0,72900.0,72900.0,3170839,2024-09-03 06:13:23
2024-09-03 14:00:00+09:00,73000.0,73000.0,72700.0,72800.0,72800.0,2041837,2024-09-03 06:13:23
2024-09-03 09:00:00+09:00,74100.0,74300.0,73800.0,73900.0,73900.0,0,2024-09-03 07:00:00
2024-09-03 10:00:00+09:00,74000.0,74100.0,73800.0,73800.0,73800.0,1031061,2024-09-03 07:00:00
2024-09-03 11:00:00+09:00,73900.0,74000.0,73600.0,73700.0,73700.0,1351724,2024-09-03 07:00:00
2024-09-03 12:00:00+09:00,73600.0,73700.0,73200.0,73300.0,73300.0,2885905,2024-09-03 07:00:00
2024-09-03 13:00:00+09:00,73300.0,73400.0,72900.0,72900.0,72900.0,3170839,2024-09-03 07:00:00
2024-09-03 14:00:00+09:00,73000.0,73000.0,72600.0,72800.0,72800.0,2633209,2024-09-03 07:00:00
2024-09-03 09:00:00+09:00,74100.0,74300.0,73800.0,73900.0,73900.0,0,2024-09-03 07:00:01
2024-09-03 10:00:00+09:00,74000.0,74100.0,73800.0,73800.0,73800.0,1031061,2024-09-03 07:00:01
2024-09-03 11:00:00+09:00,73900.0,74000.0,73600.0,73700.0,73700.0,1351724,2024-09-03 07:00:01
2024-09-03 12:00:00+09:00,73600.0,73700.0,73200.0,73300.0,73300.0,2885905,2024-09-03 07:00:01
2024-09-03 13:00:00+09:00,73300.0,73400.0,72900.0,72900.0,72900.0,3170839,2024-09-03 07:00:01
2024-09-03 14:00:00+09:00,73000.0,73000.0,72600.0,72800.0,72800.0,2633209,2024-09-03 07:00:01
2024-09-03 09:00:00+09:00,74100.0,74300.0,73800.0,73900.0,73900.0,0,2024-09-03 08:00:01
2024-09-03 10:00:00+09:00,74000.0,74100.0,73800.0,73800.0,73800.0,1031061,2024-09-03 08:00:01
2024-09-03 11:00:00+09:00,73900.0,74000.0,73600.0,73700.0,73700.0,1351724,2024-09-03 08:00:01
2024-09-03 12:00:00+09:00,73600.0,73700.0,73200.0,73300.0,73300.0,2885905,2024-09-03 08:00:01
2024-09-03 13:00:00+09:00,73300.0,73400.0,72900.0,72900.0,72900.0,3170839,2024-09-03 08:00:01
2024-09-03 14:00:00+09:00,73000.0,73000.0,72600.0,72800.0,72800.0,2633209,2024-09-03 08:00:01
2024-09-03 09:00:00+09:00,74100.0,74300.0,73800.0,73900.0,73900.0,0,2024-09-03 08:00:01
2024-09-03 10:00:00+09:00,74000.0,74100.0,73800.0,73800.0,73800.0,1031061,2024-09-03 08:00:01
2024-09-03 11:00:00+09:00,73900.0,74000.0,73600.0,73700.0,73700.0,1351724,2024-09-03 08:00:01
2024-09-03 12:00:00+09:00,73600.0,73700.0,73200.0,73300.0,73300.0,2885905,2024-09-03 08:00:01
2024-09-03 13:00:00+09:00,73300.0,73400.0,72900.0,72900.0,72900.0,3170839,2024-09-03 08:00:01
2024-09-03 14:00:00+09:00,73000.0,73000.0,72600.0,72800.0,72800.0,2633209,2024-09-03 08:00:01
2024-09-03 09:00:00+09:00,74100.0,74300.0,73800.0,73900.0,73900.0,0,2024-09-03 09:04:24
2024-09-03 10:00:00+09:00,74000.0,74100.0,73800.0,73800.0,73800.0,1031061,2024-09-03 09:04:24
2024-09-03 11:00:00+09:00,73900.0,74000.0,73600.0,73700.0,73700.0,1351724,2024-09-03 09:04:24
2024-09-03 12:00:00+09:00,73600.0,73700.0,73200.0,73300.0,73300.0,2885905,2024-09-03 09:04:24
2024-09-03 13:00:00+09:00,73300.0,73400.0,72900.0,72900.0,72900.0,3170839,2024-09-03 09:04:24
2024-09-03 14:00:00+09:00,73000.0,73000.0,72600.0,72800.0,72800.0,2633209,2024-09-03 09:04:24
2024-09-03 09:00:00+09:00,74100.0,74300.0,73800.0,73900.0,73900.0,0,2024-09-03 09:04:25
2024-09-03 10:00:00+09:00,74000.0,74100.0,73800.0,73800.0,73800.0,1031061,2024-09-03 09:04:25
2024-09-03 11:00:00+09:00,73900.0,74000.0,73600.0,73700.0,73700.0,1351724,2024-09-03 09:04:25
2024-09-03 12:00:00+09:00,73600.0,73700.0,73200.0,73300.0,73300.0,2885905,2024-09-03 09:04:25
2024-09-03 13:00:00+09:00,73300.0,73400.0,72900.0,72900.0,72900.0,3170839,2024-09-03 09:04:25
2024-09-03 14:00:00+09:00,73000.0,73000.0,72600.0,72800.0,72800.0,2633209,2024-09-03 09:04:25
2024-09-03 09:00:00+09:00,74100.0,74300.0,73800.0,73900.0,73900.0,0,2024-09-03 10:11:29
2024-09-03 10:00:00+09:00,74000.0,74100.0,73800.0,73800.0,73800.0,1031061,2024-09-03 10:11:29
2024-09-03 11:00:00+09:00,73900.0,74000.0,73600.0,73700.0,73700.0,1351724,2024-09-03 10:11:29
2024-09-03 12:00:00+09:00,73600.0,73700.0,73200.0,73300.0,73300.0,2885905,2024-09-03 10:11:29
2024-09-03 13:00:00+09:00,73300.0,73400.0,72900.0,72900.0,72900.0,3170839,2024-09-03 10:11:29
2024-09-03 14:00:00+09:00,73000.0,73000.0,72600.0,72800.0,72800.0,2633209,2024-09-03 10:11:29
2024-09-03 09:00:00+09:00,74100.0,74300.0,73800.0,73900.0,73900.0,0,2024-09-03 10:11:29
2024-09-03 10:00:00+09:00,74000.0,74100.0,73800.0,73800.0,73800.0,1031061,2024-09-03 10:11:29
2024-09-03 11:00:00+09:00,73900.0,74000.0,73600.0,73700.0,73700.0,1351724,2024-09-03 10:11:29
2024-09-03 12:00:00+09:00,73600.0,73700.0,73200.0,73300.0,73300.0,2885905,2024-09-03 10:11:29
2024-09-03 13:00:00+09:00,73300.0,73400.0,72900.0,72900.0,72900.0,3170839,2024-09-03 10:11:29
2024-09-03 14:00:00+09:00,73000.0,73000.0,72600.0,72800.0,72800.0,2633209,2024-09-03 10:11:29
2024-09-03 09:00:00+09:00,74100.0,74300.0,73800.0,73900.0,73900.0,0,2024-09-03 11:00:01
2024-09-03 10:00:00+09:00,74000.0,74100.0,73800.0,73800.0,73800.0,1031061,2024-09-03 11:00:01
2024-09-03 11:00:00+09:00,73900.0,74000.0,73600.0,73700.0,73700.0,1351724,2024-09-03 11:00:01
2024-09-03 12:00:00+09:00,73600.0,73700.0,73200.0,73300.0,73300.0,2885905,2024-09-03 11:00:01
2024-09-03 13:00:00+09:00,73300.0,73400.0,72900.0,72900.0,72900.0,3170839,2024-09-03 11:00:01
2024-09-03 14:00:00+09:00,73000.0,73000.0,72600.0,72800.0,72800.0,2633209,2024-09-03 11:00:01
2024-09-03 09:00:00+09:00,74100.0,74300.0,73800.0,73900.0,73900.0,0,2024-09-03 11:00:01
2024-09-03 10:00:00+09:00,74000.0,74100.0,73800.0,73800.0,73800.0,1031061,2024-09-03 11:00:01
2024-09-03 11:00:00+09:00,73900.0,74000.0,73600.0,73700.0,73700.0,1351724,2024-09-03 11:00:01
2024-09-03 12:00:00+09:00,73600.0,73700.0,73200.0,73300.0,73300.0,2885905,2024-09-03 11:00:01
2024-09-03 13:00:00+09:00,73300.0,73400.0,72900.0,72900.0,72900.0,3170839,2024-09-03 11:00:01
2024-09-03 14:00:00+09:00,73000.0,73000.0,72600.0,72800.0,72800.0,2633209,2024-09-03 11:00:01
2024-09-03 09:00:00+09:00,74100.0,74300.0,73800.0,73900.0,73900.0,0,2024-09-03 12:24:21
2024-09-03 10:00:00+09:00,74000.0,74100.0,73800.0,73800.0,73800.0,1031061,2024-09-03 12:24:21
2024-09-03 11:00:00+09:00,73900.0,74000.0,73600.0,73700.0,73700.0,1351724,2024-09-03 12:24:21
2024-09-03 12:00:00+09:00,73600.0,73700.0,73200.0,73300.0,73300.0,2885905,2024-09-03 12:24:21
2024-09-03 13:00:00+09:00,73300.0,73400.0,72900.0,72900.0,72900.0,3170839,2024-09-03 12:24:21
2024-09-03 14:00:00+09:00,73000.0,73000.0,72600.0,72800.0,72800.0,2633209,2024-09-03 12:24:21
2024-09-03 09:00:00+09:00,74100.0,74300.0,73800.0,73900.0,73900.0,0,2024-09-03 12:24:20
2024-09-03 10:00:00+09:00,74000.0,74100.0,73800.0,73800.0,73800.0,1031061,2024-09-03 12:24:20
2024-09-03 11:00:00+09:00,73900.0,74000.0,73600.0,73700.0,73700.0,1351724,2024-09-03 12:24:20
2024-09-03 12:00:00+09:00,73600.0,73700.0,73200.0,73300.0,73300.0,2885905,2024-09-03 12:24:20
2024-09-03 13:00:00+09:00,73300.0,73400.0,72900.0,72900.0,72900.0,3170839,2024-09-03 12:24:20
2024-09-03 14:00:00+09:00,73000.0,73000.0,72600.0,72800.0,72800.0,2633209,2024-09-03 12:24:20
2024-09-03 09:00:00+09:00,74100.0,74300.0,73800.0,73900.0,73900.0,0,2024-09-03 13:43:54
2024-09-03 10:00:00+09:00,74000.0,74100.0,73800.0,73800.0,73800.0,1031061,2024-09-03 13:43:54
2024-09-03 11:00:00+09:00,73900.0,74000.0,73600.0,73700.0,73700.0,1351724,2024-09-03 13:43:54
2024-09-03 12:00:00+09:00,73600.0,73700.0,73200.0,73300.0,73300.0,2885905,2024-09-03 13:43:54
2024-09-03 13:00:00+09:00,73300.0,73400.0,72900.0,72900.0,72900.0,3170839,2024-09-03 13:43:54
2024-09-03 14:00:00+09:00,73000.0,73000.0,72600.0,72800.0,72800.0,2633209,2024-09-03 13:43:54
2024-09-03 09:00:00+09:00,74100.0,74300.0,73800.0,73900.0,73900.0,0,2024-09-03 13:43:55
2024-09-03 10:00:00+09:00,74000.0,74100.0,73800.0,73800.0,73800.0,1031061,2024-09-03 13:43:55
2024-09-03 11:00:00+09:00,73900.0,74000.0,73600.0,73700.0,73700.0,1351724,2024-09-03 13:43:55
2024-09-03 12:00:00+09:00,73600.0,73700.0,73200.0,73300.0,73300.0,2885905,2024-09-03 13:43:55
2024-09-03 13:00:00+09:00,73300.0,73400.0,72900.0,72900.0,72900.0,3170839,2024-09-03 13:43:55
2024-09-03 14:00:00+09:00,73000.0,73000.0,72600.0,72800.0,72800.0,2633209,2024-09-03 13:43:55
2024-09-03 09:00:00+09:00,74100.0,74300.0,73800.0,73900.0,73900.0,0,2024-09-03 14:43:57
2024-09-03 10:00:00+09:00,74000.0,74100.0,73800.0,73800.0,73800.0,1031061,2024-09-03 14:43:57
2024-09-03 11:00:00+09:00,73900.0,74000.0,73600.0,73700.0,73700.0,1351724,2024-09-03 14:43:57
2024-09-03 12:00:00+09:00,73600.0,73700.0,73200.0,73300.0,73300.0,2885905,2024-09-03 14:43:57
2024-09-03 13:00:00+09:00,73300.0,73400.0,72900.0,72900.0,72900.0,3170839,2024-09-03 14:43:57
2024-09-03 14:00:00+09:00,73000.0,73000.0,72600.0,72800.0,72800.0,2633209,2024-09-03 14:43:57
2024-09-03 09:00:00+09:00,74100.0,74300.0,73800.0,73900.0,73900.0,0,2024-09-03 14:43:57
2024-09-03 10:00:00+09:00,74000.0,74100.0,73800.0,73800.0,73800.0,1031061,2024-09-03 14:43:57
2024-09-03 11:00:00+09:00,73900.0,74000.0,73600.0,73700.0,73700.0,1351724,2024-09-03 14:43:57
2024-09-03 12:00:00+09:00,73600.0,73700.0,73200.0,73300.0,73300.0,2885905,2024-09-03 14:43:57
2024-09-03 13:00:00+09:00,73300.0,73400.0,72900.0,72900.0,72900.0,3170839,2024-09-03 14:43:57
2024-09-03 14:00:00+09:00,73000.0,73000.0,72600.0,72800.0,72800.0,2633209,2024-09-03 14:43:57
2024-09-03 09:00:00+09:00,74100.0,74300.0,73800.0,73900.0,73900.0,0,2024-09-03 15:35:10
2024-09-03 10:00:00+09:00,74000.0,74100.0,73800.0,73800.0,73800.0,1031061,2024-09-03 15:35:10
2024-09-03 11:00:00+09:00,73900.0,74000.0,73600.0,73700.0,73700.0,1351724,2024-09-03 15:35:10
2024-09-03 12:00:00+09:00,73600.0,73700.0,73200.0,73300.0,73300.0,2885905,2024-09-03 15:35:10
2024-09-03 13:00:00+09:00,73300.0,73400.0,72900.0,72900.0,72900.0,3170839,2024-09-03 15:35:10
2024-09-03 14:00:00+09:00,73000.0,73000.0,72600.0,72800.0,72800.0,2633209,2024-09-03 15:35:10
2024-09-03 09:00:00+09:00,74100.0,74300.0,73800.0,73900.0,73900.0,0,2024-09-03 15:35:09
2024-09-03 10:00:00+09:00,74000.0,74100.0,73800.0,73800.0,73800.0,1031061,2024-09-03 15:35:09
2024-09-03 11:00:00+09:00,73900.0,74000.0,73600.0,73700.0,73700.0,1351724,2024-09-03 15:35:09
2024-09-03 12:00:00+09:00,73600.0,73700.0,73200.0,73300.0,73300.0,2885905,2024-09-03 15:35:09
2024-09-03 13:00:00+09:00,73300.0,73400.0,72900.0,72900.0,72900.0,3170839,2024-09-03 15:35:09
2024-09-03 14:00:00+09:00,73000.0,73000.0,72600.0,72800.0,72800.0,2633209,2024-09-03 15:35:09
2024-09-03 09:00:00+09:00,74100.0,74300.0,73800.0,73900.0,73900.0,0,2024-09-03 16:46:00
2024-09-03 10:00:00+09:00,74000.0,74100.0,73800.0,73800.0,73800.0,1031061,2024-09-03 16:46:00
2024-09-03 11:00:00+09:00,73900.0,74000.0,73600.0,73700.0,73700.0,1351724,2024-09-03 16:46:00
2024-09-03 12:00:00+09:00,73600.0,73700.0,73200.0,73300.0,73300.0,2885905,2024-09-03 16:46:00
2024-09-03 13:00:00+09:00,73300.0,73400.0,72900.0,72900.0,72900.0,3170839,2024-09-03 16:46:00
2024-09-03 14:00:00+09:00,73000.0,73000.0,72600.0,72800.0,72800.0,2633209,2024-09-03 16:46:00
2024-09-03 09:00:00+09:00,74100.0,74300.0,73800.0,73900.0,73900.0,0,2024-09-03 16:46:00
2024-09-03 10:00:00+09:00,74000.0,74100.0,73800.0,73800.0,73800.0,1031061,2024-09-03 16:46:00
2024-09-03 11:00:00+09:00,73900.0,74000.0,73600.0,73700.0,73700.0,1351724,2024-09-03 16:46:00
2024-09-03 12:00:00+09:00,73600.0,73700.0,73200.0,73300.0,73300.0,2885905,2024-09-03 16:46:00
2024-09-03 13:00:00+09:00,73300.0,73400.0,72900.0,72900.0,72900.0,3170839,2024-09-03 16:46:00
2024-09-03 14:00:00+09:00,73000.0,73000.0,72600.0,72800.0,72800.0,2633209,2024-09-03 16:46:00
2024-09-03 09:00:00+09:00,74100.0,74300.0,73800.0,73900.0,73900.0,0,2024-09-03 17:47:00
2024-09-03 10:00:00+09:00,74000.0,74100.0,73800.0,73800.0,73800.0,1031061,2024-09-03 17:47:00
2024-09-03 11:00:00+09:00,73900.0,74000.0,73600.0,73700.0,73700.0,1351724,2024-09-03 17:47:00
2024-09-03 12:00:00+09:00,73600.0,73700.0,73200.0,73300.0,73300.0,2885905,2024-09-03 17:47:00
2024-09-03 13:00:00+09:00,73300.0,73400.0,72900.0,72900.0,72900.0,3170839,2024-09-03 17:47:00
2024-09-03 14:00:00+09:00,73000.0,73000.0,72600.0,72800.0,72800.0,2633209,2024-09-03 17:47:00
2024-09-03 09:00:00+09:00,74100.0,74300.0,73800.0,73900.0,73900.0,0,2024-09-03 17:47:00
2024-09-03 10:00:00+09:00,74000.0,74100.0,73800.0,73800.0,73800.0,1031061,2024-09-03 17:47:00
2024-09-03 11:00:00+09:00,73900.0,74000.0,73600.0,73700.0,73700.0,1351724,2024-09-03 17:47:00
2024-09-03 12:00:00+09:00,73600.0,73700.0,73200.0,73300.0,73300.0,2885905,2024-09-03 17:47:00
2024-09-03 13:00:00+09:00,73300.0,73400.0,72900.0,72900.0,72900.0,3170839,2024-09-03 17:47:00
2024-09-03 14:00:00+09:00,73000.0,73000.0,72600.0,72800.0,72800.0,2633209,2024-09-03 17:47:00
2024-09-03 09:00:00+09:00,74100.0,74300.0,73800.0,73900.0,73900.0,0,2024-09-03 18:24:28
2024-09-03 10:00:00+09:00,74000.0,74100.0,73800.0,73800.0,73800.0,1031061,2024-09-03 18:24:28
2024-09-03 11:00:00+09:00,73900.0,74000.0,73600.0,73700.0,73700.0,1351724,2024-09-03 18:24:28
2024-09-03 12:00:00+09:00,73600.0,73700.0,73200.0,73300.0,73300.0,2885905,2024-09-03 18:24:28
2024-09-03 13:00:00+09:00,73300.0,73400.0,72900.0,72900.0,72900.0,3170839,2024-09-03 18:24:28
2024-09-03 14:00:00+09:00,73000.0,73000.0,72600.0,72800.0,72800.0,2633209,2024-09-03 18:24:28
2024-09-03 09:00:00+09:00,74100.0,74300.0,73800.0,73900.0,73900.0,0,2024-09-03 18:24:28
2024-09-03 10:00:00+09:00,74000.0,74100.0,73800.0,73800.0,73800.0,1031061,2024-09-03 18:24:28
2024-09-03 11:00:00+09:00,73900.0,74000.0,73600.0,73700.0,73700.0,1351724,2024-09-03 18:24:28
2024-09-03 12:00:00+09:00,73600.0,73700.0,73200.0,73300.0,73300.0,2885905,2024-09-03 18:24:28
2024-09-03 13:00:00+09:00,73300.0,73400.0,72900.0,72900.0,72900.0,3170839,2024-09-03 18:24:28
2024-09-03 14:00:00+09:00,73000.0,73000.0,72600.0,72800.0,72800.0,2633209,2024-09-03 18:24:28
2024-09-03 09:00:00+09:00,74100.0,74300.0,73800.0,73900.0,73900.0,0,2024-09-03 19:39:29
2024-09-03 10:00:00+09:00,74000.0,74100.0,73800.0,73800.0,73800.0,1031061,2024-09-03 19:39:29
2024-09-03 11:00:00+09:00,73900.0,74000.0,73600.0,73700.0,73700.0,1351724,2024-09-03 19:39:29
2024-09-03 12:00:00+09:00,73600.0,73700.0,73200.0,73300.0,73300.0,2885905,2024-09-03 19:39:29
2024-09-03 13:00:00+09:00,73300.0,73400.0,72900.0,72900.0,72900.0,3170839,2024-09-03 19:39:29
2024-09-03 14:00:00+09:00,73000.0,73000.0,72600.0,72800.0,72800.0,2633209,2024-09-03 19:39:29
2024-09-03 09:00:00+09:00,74100.0,74300.0,73800.0,73900.0,73900.0,0,2024-09-03 19:39:30
2024-09-03 10:00:00+09:00,74000.0,74100.0,73800.0,73800.0,73800.0,1031061,2024-09-03 19:39:30
2024-09-03 11:00:00+09:00,73900.0,74000.0,73600.0,73700.0,73700.0,1351724,2024-09-03 19:39:30
2024-09-03 12:00:00+09:00,73600.0,73700.0,73200.0,73300.0,73300.0,2885905,2024-09-03 19:39:30
2024-09-03 13:00:00+09:00,73300.0,73400.0,72900.0,72900.0,72900.0,3170839,2024-09-03 19:39:30
2024-09-03 14:00:00+09:00,73000.0,73000.0,72600.0,72800.0,72800.0,2633209,2024-09-03 19:39:30
2024-09-03 09:00:00+09:00,74100.0,74300.0,73800.0,73900.0,73900.0,0,2024-09-03 20:38:45
2024-09-03 10:00:00+09:00,74000.0,74100.0,73800.0,73800.0,73800.0,1031061,2024-09-03 20:38:45
2024-09-03 11:00:00+09:00,73900.0,74000.0,73600.0,73700.0,73700.0,1351724,2024-09-03 20:38:45
2024-09-03 12:00:00+09:00,73600.0,73700.0,73200.0,73300.0,73300.0,2885905,2024-09-03 20:38:45
2024-09-03 13:00:00+09:00,73300.0,73400.0,72900.0,72900.0,72900.0,3170839,2024-09-03 20:38:45
2024-09-03 14:00:00+09:00,73000.0,73000.0,72600.0,72800.0,72800.0,2633209,2024-09-03 20:38:45
2024-09-03 09:00:00+09:00,74100.0,74300.0,73800.0,73900.0,73900.0,0,2024-09-03 20:38:45
2024-09-03 10:00:00+09:00,74000.0,74100.0,73800.0,73800.0,73800.0,1031061,2024-09-03 20:38:45
2024-09-03 11:00:00+09:00,73900.0,74000.0,73600.0,73700.0,73700.0,1351724,2024-09-03 20:38:45
2024-09-03 12:00:00+09:00,73600.0,73700.0,73200.0,73300.0,73300.0,2885905,2024-09-03 20:38:45
2024-09-03 13:00:00+09:00,73300.0,73400.0,72900.0,72900.0,72900.0,3170839,2024-09-03 20:38:45
2024-09-03 14:00:00+09:00,73000.0,73000.0,72600.0,72800.0,72800.0,2633209,2024-09-03 20:38:45
2024-09-03 09:00:00+09:00,74100.0,74300.0,73800.0,73900.0,73900.0,0,2024-09-03 21:43:39
2024-09-03 10:00:00+09:00,74000.0,74100.0,73800.0,73800.0,73800.0,1031061,2024-09-03 21:43:39
2024-09-03 11:00:00+09:00,73900.0,74000.0,73600.0,73700.0,73700.0,1351724,2024-09-03 21:43:39
2024-09-03 12:00:00+09:00,73600.0,73700.0,73200.0,73300.0,73300.0,2885905,2024-09-03 21:43:39
2024-09-03 13:00:00+09:00,73300.0,73400.0,72900.0,72900.0,72900.0,3170839,2024-09-03 21:43:39
2024-09-03 14:00:00+09:00,73000.0,73000.0,72600.0,72800.0,72800.0,2633209,2024-09-03 21:43:39
2024-09-03 09:00:00+09:00,74100.0,74300.0,73800.0,73900.0,73900.0,0,2024-09-03 21:43:39
2024-09-03 10:00:00+09:00,74000.0,74100.0,73800.0,73800.0,73800.0,1031061,2024-09-03 21:43:39
2024-09-03 11:00:00+09:00,73900.0,74000.0,73600.0,73700.0,73700.0,1351724,2024-09-03 21:43:39
2024-09-03 12:00:00+09:00,73600.0,73700.0,73200.0,73300.0,73300.0,2885905,2024-09-03 21:43:39
2024-09-03 13:00:00+09:00,73300.0,73400.0,72900.0,72900.0,72900.0,3170839,2024-09-03 21:43:39
2024-09-03 14:00:00+09:00,73000.0,73000.0,72600.0,72800.0,72800.0,2633209,2024-09-03 21:43:39
2024-09-03 09:00:00+09:00,74100.0,74300.0,73800.0,73900.0,73900.0,0,2024-09-03 22:44:24
2024-09-03 10:00:00+09:00,74000.0,74100.0,73800.0,73800.0,73800.0,1031061,2024-09-03 22:44:24
2024-09-03 11:00:00+09:00,73900.0,74000.0,73600.0,73700.0,73700.0,1351724,2024-09-03 22:44:24
2024-09-03 12:00:00+09:00,73600.0,73700.0,73200.0,73300.0,73300.0,2885905,2024-09-03 22:44:24
2024-09-03 13:00:00+09:00,73300.0,73400.0,72900.0,72900.0,72900.0,3170839,2024-09-03 22:44:24
2024-09-03 14:00:00+09:00,73000.0,73000.0,72600.0,72800.0,72800.0,2633209,2024-09-03 22:44:24
2024-09-03 09:00:00+09:00,74100.0,74300.0,73800.0,73900.0,73900.0,0,2024-09-03 22:44:24
2024-09-03 10:00:00+09:00,74000.0,74100.0,73800.0,73800.0,73800.0,1031061,2024-09-03 22:44:24
2024-09-03 11:00:00+09:00,73900.0,74000.0,73600.0,73700.0,73700.0,1351724,2024-09-03 22:44:24
2024-09-03 12:00:00+09:00,73600.0,73700.0,73200.0,73300.0,73300.0,2885905,2024-09-03 22:44:24
2024-09-03 13:00:00+09:00,73300.0,73400.0,72900.0,72900.0,72900.0,3170839,2024-09-03 22:44:24
2024-09-03 14:00:00+09:00,73000.0,73000.0,72600.0,72800.0,72800.0,2633209,2024-09-03 22:44:24
2024-09-03 09:00:00+09:00,74100.0,74300.0,73800.0,73900.0,73900.0,0,2024-09-03 23:09:50
2024-09-03 10:00:00+09:00,74000.0,74100.0,73800.0,73800.0,73800.0,1031061,2024-09-03 23:09:50
2024-09-03 11:00:00+09:00,73900.0,74000.0,73600.0,73700.0,73700.0,1351724,2024-09-03 23:09:50
2024-09-03 12:00:00+09:00,73600.0,73700.0,73200.0,73300.0,73300.0,2885905,2024-09-03 23:09:50
2024-09-03 13:00:00+09:00,73300.0,73400.0,72900.0,72900.0,72900.0,3170839,2024-09-03 23:09:50
2024-09-03 14:00:00+09:00,73000.0,73000.0,72600.0,72800.0,72800.0,2633209,2024-09-03 23:09:50
2024-09-03 09:00:00+09:00,74100.0,74300.0,73800.0,73900.0,73900.0,0,2024-09-03 23:09:50
2024-09-03 10:00:00+09:00,74000.0,74100.0,73800.0,73800.0,73800.0,1031061,2024-09-03 23:09:50
2024-09-03 11:00:00+09:00,73900.0,74000.0,73600.0,73700.0,73700.0,1351724,2024-09-03 23:09:50
2024-09-03 12:00:00+09:00,73600.0,73700.0,73200.0,73300.0,73300.0,2885905,2024-09-03 23:09:50
2024-09-03 13:00:00+09:00,73300.0,73400.0,72900.0,72900.0,72900.0,3170839,2024-09-03 23:09:50
2024-09-03 14:00:00+09:00,73000.0,73000.0,72600.0,72800.0,72800.0,2633209,2024-09-03 23:09:50
2024-09-04 09:00:00+09:00,69800.0,71100.0,69800.0,70500.0,70500.0,6348838,2024-09-04 01:00:01
2024-09-04 09:00:00+09:00,69800.0,71100.0,69800.0,70500.0,70500.0,6348838,2024-09-04 01:00:01
2024-09-04 09:00:00+09:00,69800.0,71100.0,69800.0,70500.0,70500.0,7853742,2024-09-04 02:00:01
2024-09-04 10:00:00+09:00,70400.0,70800.0,70400.0,70700.0,70700.0,1832074,2024-09-04 02:00:01
2024-09-04 09:00:00+09:00,69800.0,71100.0,69800.0,70500.0,70500.0,7853742,2024-09-04 02:00:01
2024-09-04 10:00:00+09:00,70400.0,70800.0,70400.0,70700.0,70700.0,1832074,2024-09-04 02:00:01
2024-09-04 09:00:00+09:00,69800.0,71100.0,69800.0,70500.0,70500.0,7853742,2024-09-04 03:00:01
2024-09-04 10:00:00+09:00,70400.0,70800.0,70400.0,70600.0,70600.0,2513980,2024-09-04 03:00:01
2024-09-04 11:00:00+09:00,70500.0,70600.0,70500.0,70600.0,70600.0,741741,2024-09-04 03:00:01
2024-09-04 09:00:00+09:00,69800.0,71100.0,69800.0,70500.0,70500.0,7853742,2024-09-04 03:00:01
2024-09-04 10:00:00+09:00,70400.0,70800.0,70400.0,70600.0,70600.0,2513980,2024-09-04 03:00:01
2024-09-04 11:00:00+09:00,70500.0,70600.0,70500.0,70600.0,70600.0,741741,2024-09-04 03:00:01
2024-09-04 09:00:00+09:00,69800.0,71100.0,69800.0,70500.0,70500.0,7853742,2024-09-04 04:15:22
2024-09-04 10:00:00+09:00,70400.0,70800.0,70400.0,70600.0,70600.0,2513980,2024-09-04 04:15:22
2024-09-04 11:00:00+09:00,70500.0,70600.0,70400.0,70500.0,70500.0,1677444,2024-09-04 04:15:22
2024-09-04 12:00:00+09:00,70400.0,70500.0,70000.0,70100.0,70100.0,3033392,2024-09-04 04:15:22
2024-09-04 09:00:00+09:00,69800.0,71100.0,69800.0,70500.0,70500.0,7853742,2024-09-04 04:15:22
2024-09-04 10:00:00+09:00,70400.0,70800.0,70400.0,70600.0,70600.0,2513980,2024-09-04 04:15:22
2024-09-04 11:00:00+09:00,70500.0,70600.0,70400.0,70500.0,70500.0,1677444,2024-09-04 04:15:22
2024-09-04 12:00:00+09:00,70400.0,70500.0,70000.0,70100.0,70100.0,3033392,2024-09-04 04:15:22
2024-09-04 09:00:00+09:00,69800.0,71100.0,69800.0,70500.0,70500.0,7853742,2024-09-04 05:00:01
2024-09-04 10:00:00+09:00,70400.0,70800.0,70400.0,70600.0,70600.0,2513980,2024-09-04 05:00:01
2024-09-04 11:00:00+09:00,70500.0,70600.0,70400.0,70500.0,70500.0,1677444,2024-09-04 05:00:01
2024-09-04 12:00:00+09:00,70400.0,70500.0,70000.0,70100.0,70100.0,3206918,2024-09-04 05:00:01
2024-09-04 13:00:00+09:00,70100.0,70200.0,70000.0,70200.0,70200.0,1519620,2024-09-04 05:00:01
2024-09-04 09:00:00+09:00,69800.0,71100.0,69800.0,70500.0,70500.0,7853742,2024-09-04 05:00:01
2024-09-04 10:00:00+09:00,70400.0,70800.0,70400.0,70600.0,70600.0,2513980,2024-09-04 05:00:01
2024-09-04 11:00:00+09:00,70500.0,70600.0,70400.0,70500.0,70500.0,1677444,2024-09-04 05:00:01
2024-09-04 12:00:00+09:00,70400.0,70500.0,70000.0,70100.0,70100.0,3206918,2024-09-04 05:00:01
2024-09-04 13:00:00+09:00,70100.0,70200.0,70000.0,70200.0,70200.0,1519620,2024-09-04 05:00:01
2024-09-04 09:00:00+09:00,69800.0,71100.0,69800.0,70500.0,70500.0,7853742,2024-09-04 06:00:01
2024-09-04 10:00:00+09:00,70400.0,70800.0,70400.0,70600.0,70600.0,2513980,2024-09-04 06:00:01
2024-09-04 11:00:00+09:00,70500.0,70600.0,70400.0,70500.0,70500.0,1677444,2024-09-04 06:00:01
2024-09-04 12:00:00+09:00,70400.0,70500.0,70000.0,70100.0,70100.0,3206918,2024-09-04 06:00:01
2024-09-04 13:00:00+09:00,70100.0,70200.0,70000.0,70000.0,70000.0,2417216,2024-09-04 06:00:01
2024-09-04 14:00:00+09:00,70000.0,70200.0,69900.0,70100.0,70100.0,2965000,2024-09-04 06:00:01
2024-09-04 09:00:00+09:00,69800.0,71100.0,69800.0,70500.0,70500.0,7853742,2024-09-04 06:00:01
2024-09-04 10:00:00+09:00,70400.0,70800.0,70400.0,70600.0,70600.0,2513980,2024-09-04 06:00:01
2024-09-04 11:00:00+09:00,70500.0,70600.0,70400.0,70500.0,70500.0,1677444,2024-09-04 06:00:01
2024-09-04 12:00:00+09:00,70400.0,70500.0,70000.0,70100.0,70100.0,3206918,2024-09-04 06:00:01
2024-09-04 13:00:00+09:00,70100.0,70200.0,70000.0,70000.0,70000.0,2417216,2024-09-04 06:00:01
2024-09-04 14:00:00+09:00,70000.0,70200.0,69900.0,70100.0,70100.0,2965000,2024-09-04 06:00:01
2024-09-04 09:00:00+09:00,69800.0,71100.0,69800.0,70500.0,70500.0,0,2024-09-04 07:00:01
2024-09-04 10:00:00+09:00,70400.0,70800.0,70400.0,70600.0,70600.0,2513980,2024-09-04 07:00:01
2024-09-04 11:00:00+09:00,70500.0,70600.0,70400.0,70500.0,70500.0,1677444,2024-09-04 07:00:01
2024-09-04 12:00:00+09:00,70400.0,70500.0,70000.0,70100.0,70100.0,3206918,2024-09-04 07:00:01
2024-09-04 13:00:00+09:00,70100.0,70200.0,70000.0,70000.0,70000.0,2417216,2024-09-04 07:00:01
2024-09-04 14:00:00+09:00,70000.0,70200.0,69900.0,70000.0,70000.0,3580070,2024-09-04 07:00:01
2024-09-04 09:00:00+09:00,69800.0,71100.0,69800.0,70500.0,70500.0,0,2024-09-04 07:00:00
2024-09-04 10:00:00+09:00,70400.0,70800.0,70400.0,70600.0,70600.0,2513980,2024-09-04 07:00:00
2024-09-04 11:00:00+09:00,70500.0,70600.0,70400.0,70500.0,70500.0,1677444,2024-09-04 07:00:00
2024-09-04 12:00:00+09:00,70400.0,70500.0,70000.0,70100.0,70100.0,3206918,2024-09-04 07:00:00
2024-09-04 13:00:00+09:00,70100.0,70200.0,70000.0,70000.0,70000.0,2417216,2024-09-04 07:00:00
2024-09-04 14:00:00+09:00,70000.0,70200.0,69900.0,70000.0,70000.0,3580070,2024-09-04 07:00:00
2024-09-04 09:00:00+09:00,69800.0,71100.0,69800.0,70500.0,70500.0,0,2024-09-04 08:00:01
2024-09-04 10:00:00+09:00,70400.0,70800.0,70400.0,70600.0,70600.0,2513980,2024-09-04 08:00:01
2024-09-04 11:00:00+09:00,70500.0,70600.0,70400.0,70500.0,70500.0,1677444,2024-09-04 08:00:01
2024-09-04 12:00:00+09:00,70400.0,70500.0,70000.0,70100.0,70100.0,3206918,2024-09-04 08:00:01
2024-09-04 13:00:00+09:00,70100.0,70200.0,70000.0,70000.0,70000.0,2417216,2024-09-04 08:00:01
2024-09-04 14:00:00+09:00,70000.0,70200.0,69900.0,70000.0,70000.0,3580070,2024-09-04 08:00:01
2024-09-04 09:00:00+09:00,69800.0,71100.0,69800.0,70500.0,70500.0,0,2024-09-04 08:00:01
2024-09-04 10:00:00+09:00,70400.0,70800.0,70400.0,70600.0,70600.0,2513980,2024-09-04 08:00:01
2024-09-04 11:00:00+09:00,70500.0,70600.0,70400.0,70500.0,70500.0,1677444,2024-09-04 08:00:01
2024-09-04 12:00:00+09:00,70400.0,70500.0,70000.0,70100.0,70100.0,3206918,2024-09-04 08:00:01
2024-09-04 13:00:00+09:00,70100.0,70200.0,70000.0,70000.0,70000.0,2417216,2024-09-04 08:00:01
2024-09-04 14:00:00+09:00,70000.0,70200.0,69900.0,70000.0,70000.0,3580070,2024-09-04 08:00:01
2024-09-04 09:00:00+09:00,69800.0,71100.0,69800.0,70500.0,70500.0,0,2024-09-04 09:02:29
2024-09-04 10:00:00+09:00,70400.0,70800.0,70400.0,70600.0,70600.0,2513980,2024-09-04 09:02:29
2024-09-04 11:00:00+09:00,70500.0,70600.0,70400.0,70500.0,70500.0,1677444,2024-09-04 09:02:29
2024-09-04 12:00:00+09:00,70400.0,70500.0,70000.0,70100.0,70100.0,3206918,2024-09-04 09:02:29
2024-09-04 13:00:00+09:00,70100.0,70200.0,70000.0,70000.0,70000.0,2417216,2024-09-04 09:02:29
2024-09-04 14:00:00+09:00,70000.0,70200.0,69900.0,70000.0,70000.0,3580070,2024-09-04 09:02:29
2024-09-04 09:00:00+09:00,69800.0,71100.0,69800.0,70500.0,70500.0,0,2024-09-04 09:02:29
2024-09-04 10:00:00+09:00,70400.0,70800.0,70400.0,70600.0,70600.0,2513980,2024-09-04 09:02:29
2024-09-04 11:00:00+09:00,70500.0,70600.0,70400.0,70500.0,70500.0,1677444,2024-09-04 09:02:29
2024-09-04 12:00:00+09:00,70400.0,70500.0,70000.0,70100.0,70100.0,3206918,2024-09-04 09:02:29
2024-09-04 13:00:00+09:00,70100.0,70200.0,70000.0,70000.0,70000.0,2417216,2024-09-04 09:02:29
2024-09-04 14:00:00+09:00,70000.0,70200.0,69900.0,70000.0,70000.0,3580070,2024-09-04 09:02:29
2024-09-04 09:00:00+09:00,69800.0,71100.0,69800.0,70500.0,70500.0,0,2024-09-04 10:00:00
2024-09-04 10:00:00+09:00,70400.0,70800.0,70400.0,70600.0,70600.0,2513980,2024-09-04 10:00:00
2024-09-04 11:00:00+09:00,70500.0,70600.0,70400.0,70500.0,70500.0,1677444,2024-09-04 10:00:00
2024-09-04 12:00:00+09:00,70400.0,70500.0,70000.0,70100.0,70100.0,3206918,2024-09-04 10:00:00
2024-09-04 13:00:00+09:00,70100.0,70200.0,70000.0,70000.0,70000.0,2417216,2024-09-04 10:00:00
2024-09-04 14:00:00+09:00,70000.0,70200.0,69900.0,70000.0,70000.0,3580070,2024-09-04 10:00:00
2024-09-04 09:00:00+09:00,69800.0,71100.0,69800.0,70500.0,70500.0,0,2024-09-04 10:00:01
2024-09-04 10:00:00+09:00,70400.0,70800.0,70400.0,70600.0,70600.0,2513980,2024-09-04 10:00:01
2024-09-04 11:00:00+09:00,70500.0,70600.0,70400.0,70500.0,70500.0,1677444,2024-09-04 10:00:01
2024-09-04 12:00:00+09:00,70400.0,70500.0,70000.0,70100.0,70100.0,3206918,2024-09-04 10:00:01
2024-09-04 13:00:00+09:00,70100.0,70200.0,70000.0,70000.0,70000.0,2417216,2024-09-04 10:00:01
2024-09-04 14:00:00+09:00,70000.0,70200.0,69900.0,70000.0,70000.0,3580070,2024-09-04 10:00:01
2024-09-04 09:00:00+09:00,69800.0,71100.0,69800.0,70500.0,70500.0,0,2024-09-04 11:00:00
2024-09-04 10:00:00+09:00,70400.0,70800.0,70400.0,70600.0,70600.0,2513980,2024-09-04 11:00:00
2024-09-04 11:00:00+09:00,70500.0,70600.0,70400.0,70500.0,70500.0,1677444,2024-09-04 11:00:00
2024-09-04 12:00:00+09:00,70400.0,70500.0,70000.0,70100.0,70100.0,3206918,2024-09-04 11:00:00
2024-09-04 13:00:00+09:00,70100.0,70200.0,70000.0,70000.0,70000.0,2417216,2024-09-04 11:00:00
2024-09-04 14:00:00+09:00,70000.0,70200.0,69900.0,70000.0,70000.0,3580070,2024-09-04 11:00:00
2024-09-04 09:00:00+09:00,69800.0,71100.0,69800.0,70500.0,70500.0,0,2024-09-04 11:00:00
2024-09-04 10:00:00+09:00,70400.0,70800.0,70400.0,70600.0,70600.0,2513980,2024-09-04 11:00:00
2024-09-04 11:00:00+09:00,70500.0,70600.0,70400.0,70500.0,70500.0,1677444,2024-09-04 11:00:00
2024-09-04 12:00:00+09:00,70400.0,70500.0,70000.0,70100.0,70100.0,3206918,2024-09-04 11:00:00
2024-09-04 13:00:00+09:00,70100.0,70200.0,70000.0,70000.0,70000.0,2417216,2024-09-04 11:00:00
2024-09-04 14:00:00+09:00,70000.0,70200.0,69900.0,70000.0,70000.0,3580070,2024-09-04 11:00:00
2024-09-05 09:00:00+09:00,70200.0,71200.0,70100.0,70600.0,70600.0,6139784,2024-09-05 02:42:28
2024-09-05 10:00:00+09:00,70600.0,70700.0,70100.0,70400.0,70400.0,3148227,2024-09-05 02:42:28
2024-09-05 11:00:00+09:00,70300.0,70400.0,70000.0,70200.0,70200.0,1027060,2024-09-05 02:42:28
2024-09-05 09:00:00+09:00,70200.0,71200.0,70100.0,70600.0,70600.0,6139784,2024-09-05 02:42:28
2024-09-05 10:00:00+09:00,70600.0,70700.0,70100.0,70400.0,70400.0,3148227,2024-09-05 02:42:28
2024-09-05 11:00:00+09:00,70300.0,70400.0,70000.0,70200.0,70200.0,1027060,2024-09-05 02:42:28
2024-09-05 09:00:00+09:00,70200.0,71200.0,70100.0,70600.0,70600.0,6139784,2024-09-05 02:42:28
2024-09-05 10:00:00+09:00,70600.0,70700.0,70100.0,70400.0,70400.0,3148227,2024-09-05 02:42:28
2024-09-05 11:00:00+09:00,70300.0,70400.0,70000.0,70200.0,70200.0,1027060,2024-09-05 02:42:28
2024-09-05 09:00:00+09:00,70200.0,71200.0,70100.0,70600.0,70600.0,6139784,2024-09-05 02:42:28
2024-09-05 10:00:00+09:00,70600.0,70700.0,70100.0,70400.0,70400.0,3148227,2024-09-05 02:42:28
2024-09-05 11:00:00+09:00,70300.0,70400.0,70000.0,70200.0,70200.0,1027060,2024-09-05 02:42:28
2024-09-05 09:00:00+09:00,70200.0,71200.0,70100.0,70600.0,70600.0,6139784,2024-09-05 03:00:01
2024-09-05 10:00:00+09:00,70600.0,70700.0,70100.0,70400.0,70400.0,3148227,2024-09-05 03:00:01
2024-09-05 11:00:00+09:00,70300.0,70400.0,70000.0,70200.0,70200.0,1260437,2024-09-05 03:00:01
2024-09-05 09:00:00+09:00,70200.0,71200.0,70100.0,70600.0,70600.0,6139784,2024-09-05 03:00:01
2024-09-05 10:00:00+09:00,70600.0,70700.0,70100.0,70400.0,70400.0,3148227,2024-09-05 03:00:01
2024-09-05 11:00:00+09:00,70300.0,70400.0,70000.0,70200.0,70200.0,1260437,2024-09-05 03:00:01
2024-09-05 09:00:00+09:00,70200.0,71200.0,70100.0,70600.0,70600.0,6139784,2024-09-05 04:00:01
2024-09-05 10:00:00+09:00,70600.0,70700.0,70100.0,70400.0,70400.0,3148227,2024-09-05 04:00:01
2024-09-05 11:00:00+09:00,70300.0,70400.0,70000.0,70200.0,70200.0,2045328,2024-09-05 04:00:01
2024-09-05 12:00:00+09:00,70100.0,70200.0,69700.0,69800.0,69800.0,1823622,2024-09-05 04:00:01
2024-09-05 09:00:00+09:00,70200.0,71200.0,70100.0,70600.0,70600.0,6139784,2024-09-05 04:00:01
2024-09-05 10:00:00+09:00,70600.0,70700.0,70100.0,70400.0,70400.0,3148227,2024-09-05 04:00:01
2024-09-05 11:00:00+09:00,70300.0,70400.0,70000.0,70200.0,70200.0,2045328,2024-09-05 04:00:01
2024-09-05 12:00:00+09:00,70100.0,70200.0,69700.0,69800.0,69800.0,1823622,2024-09-05 04:00:01
2024-09-05 09:00:00+09:00,70200.0,71200.0,70100.0,70600.0,70600.0,6139784,2024-09-05 05:00:01
2024-09-05 10:00:00+09:00,70600.0,70700.0,70100.0,70400.0,70400.0,3148227,2024-09-05 05:00:01
2024-09-05 11:00:00+09:00,70300.0,70400.0,70000.0,70200.0,70200.0,2045328,2024-09-05 05:00:01
2024-09-05 12:00:00+09:00,70100.0,70200.0,69600.0,69700.0,69700.0,2457758,2024-09-05 05:00:01
2024-09-05 13:00:00+09:00,69600.0,69800.0,69500.0,69600.0,69600.0,1703944,2024-09-05 05:00:01
2024-09-05 09:00:00+09:00,70200.0,71200.0,70100.0,70600.0,70600.0,6139784,2024-09-05 05:00:01
2024-09-05 10:00:00+09:00,70600.0,70700.0,70100.0,70400.0,70400.0,3148227,2024-09-05 05:00:01
2024-09-05 11:00:00+09:00,70300.0,70400.0,70000.0,70200.0,70200.0,2045328,2024-09-05 05:00:01
2024-09-05 12:00:00+09:00,70100.0,70200.0,69600.0,69700.0,69700.0,2457758,2024-09-05 05:00:01
2024-09-05 13:00:00+09:00,69600.0,69800.0,69500.0,69600.0,69600.0,1703944,2024-09-05 05:00:01
2024-09-05 09:00:00+09:00,70200.0,71200.0,70100.0,70600.0,70600.0,6139784,2024-09-05 06:00:01
2024-09-05 10:00:00+09:00,70600.0,70700.0,70100.0,70400.0,70400.0,3148227,2024-09-05 06:00:01
2024-09-05 11:00:00+09:00,70300.0,70400.0,70000.0,70200.0,70200.0,2045328,2024-09-05 06:00:01
2024-09-05 12:00:00+09:00,70100.0,70200.0,69600.0,69700.0,69700.0,2457758,2024-09-05 06:00:01
2024-09-05 13:00:00+09:00,69600.0,69800.0,69300.0,69400.0,69400.0,2931217,2024-09-05 06:00:01
2024-09-05 14:00:00+09:00,69300.0,69600.0,69200.0,69500.0,69500.0,2019197,2024-09-05 06:00:01
2024-09-05 09:00:00+09:00,70200.0,71200.0,70100.0,70600.0,70600.0,6139784,2024-09-05 06:00:01
2024-09-05 10:00:00+09:00,70600.0,70700.0,70100.0,70400.0,70400.0,3148227,2024-09-05 06:00:01
2024-09-05 11:00:00+09:00,70300.0,70400.0,70000.0,70200.0,70200.0,2045328,2024-09-05 06:00:01
2024-09-05 12:00:00+09:00,70100.0,70200.0,69600.0,69700.0,69700.0,2457758,2024-09-05 06:00:01
2024-09-05 13:00:00+09:00,69600.0,69800.0,69300.0,69400.0,69400.0,2931217,2024-09-05 06:00:01
2024-09-05 14:00:00+09:00,69300.0,69600.0,69200.0,69500.0,69500.0,2019197,2024-09-05 06:00:01
2024-09-05 09:00:00+09:00,70200.0,71200.0,70100.0,70600.0,70600.0,0,2024-09-05 07:00:01
2024-09-05 10:00:00+09:00,70600.0,70700.0,70100.0,70400.0,70400.0,3148227,2024-09-05 07:00:01
2024-09-05 11:00:00+09:00,70300.0,70400.0,70000.0,70200.0,70200.0,2045328,2024-09-05 07:00:01
2024-09-05 12:00:00+09:00,70100.0,70200.0,69600.0,69700.0,69700.0,2457758,2024-09-05 07:00:01
2024-09-05 13:00:00+09:00,69600.0,69800.0,69300.0,69400.0,69400.0,2931217,2024-09-05 07:00:01
2024-09-05 14:00:00+09:00,69300.0,69600.0,69200.0,69400.0,69400.0,3242299,2024-09-05 07:00:01
2024-09-05 09:00:00+09:00,70200.0,71200.0,70100.0,70600.0,70600.0,0,2024-09-05 07:00:01
2024-09-05 10:00:00+09:00,70600.0,70700.0,70100.0,70400.0,70400.0,3148227,2024-09-05 07:00:01
2024-09-05 11:00:00+09:00,70300.0,70400.0,70000.0,70200.0,70200.0,2045328,2024-09-05 07:00:01
2024-09-05 12:00:00+09:00,70100.0,70200.0,69600.0,69700.0,69700.0,2457758,2024-09-05 07:00:01
2024-09-05 13:00:00+09:00,69600.0,69800.0,69300.0,69400.0,69400.0,2931217,2024-09-05 07:00:01
2024-09-05 14:00:00+09:00,69300.0,69600.0,69200.0,69400.0,69400.0,3242299,2024-09-05 07:00:01
2024-09-05 09:00:00+09:00,70200.0,71200.0,70100.0,70600.0,70600.0,0,2024-09-05 08:00:01
2024-09-05 10:00:00+09:00,70600.0,70700.0,70100.0,70400.0,70400.0,3148227,2024-09-05 08:00:01
2024-09-05 11:00:00+09:00,70300.0,70400.0,70000.0,70200.0,70200.0,2045328,2024-09-05 08:00:01
2024-09-05 12:00:00+09:00,70100.0,70200.0,69600.0,69700.0,69700.0,2457758,2024-09-05 08:00:01
2024-09-05 13:00:00+09:00,69600.0,69800.0,69300.0,69400.0,69400.0,2931217,2024-09-05 08:00:01
2024-09-05 14:00:00+09:00,69300.0,69600.0,69200.0,69400.0,69400.0,3242299,2024-09-05 08:00:01
2024-09-05 09:00:00+09:00,70200.0,71200.0,70100.0,70600.0,70600.0,0,2024-09-05 08:00:02
2024-09-05 10:00:00+09:00,70600.0,70700.0,70100.0,70400.0,70400.0,3148227,2024-09-05 08:00:02
2024-09-05 11:00:00+09:00,70300.0,70400.0,70000.0,70200.0,70200.0,2045328,2024-09-05 08:00:02
2024-09-05 12:00:00+09:00,70100.0,70200.0,69600.0,69700.0,69700.0,2457758,2024-09-05 08:00:02
2024-09-05 13:00:00+09:00,69600.0,69800.0,69300.0,69400.0,69400.0,2931217,2024-09-05 08:00:02
2024-09-05 14:00:00+09:00,69300.0,69600.0,69200.0,69400.0,69400.0,3242299,2024-09-05 08:00:02
2024-09-05 09:00:00+09:00,70200.0,71200.0,70100.0,70600.0,70600.0,0,2024-09-05 09:00:01
2024-09-05 10:00:00+09:00,70600.0,70700.0,70100.0,70400.0,70400.0,3148227,2024-09-05 09:00:01
2024-09-05 11:00:00+09:00,70300.0,70400.0,70000.0,70200.0,70200.0,2045328,2024-09-05 09:00:01
2024-09-05 12:00:00+09:00,70100.0,70200.0,69600.0,69700.0,69700.0,2457758,2024-09-05 09:00:01
2024-09-05 13:00:00+09:00,69600.0,69800.0,69300.0,69400.0,69400.0,2931217,2024-09-05 09:00:01
2024-09-05 14:00:00+09:00,69300.0,69600.0,69200.0,69400.0,69400.0,3242299,2024-09-05 09:00:01
2024-09-05 09:00:00+09:00,70200.0,71200.0,70100.0,70600.0,70600.0,0,2024-09-05 09:00:01
2024-09-05 10:00:00+09:00,70600.0,70700.0,70100.0,70400.0,70400.0,3148227,2024-09-05 09:00:01
2024-09-05 11:00:00+09:00,70300.0,70400.0,70000.0,70200.0,70200.0,2045328,2024-09-05 09:00:01
2024-09-05 12:00:00+09:00,70100.0,70200.0,69600.0,69700.0,69700.0,2457758,2024-09-05 09:00:01
2024-09-05 13:00:00+09:00,69600.0,69800.0,69300.0,69400.0,69400.0,2931217,2024-09-05 09:00:01
2024-09-05 14:00:00+09:00,69300.0,69600.0,69200.0,69400.0,69400.0,3242299,2024-09-05 09:00:01
2024-09-05 09:00:00+09:00,70200.0,71200.0,70100.0,70600.0,70600.0,0,2024-09-05 10:00:00
2024-09-05 10:00:00+09:00,70600.0,70700.0,70100.0,70400.0,70400.0,3148227,2024-09-05 10:00:00
2024-09-05 11:00:00+09:00,70300.0,70400.0,70000.0,70200.0,70200.0,2045328,2024-09-05 10:00:00
2024-09-05 12:00:00+09:00,70100.0,70200.0,69600.0,69700.0,69700.0,2457758,2024-09-05 10:00:00
2024-09-05 13:00:00+09:00,69600.0,69800.0,69300.0,69400.0,69400.0,2931217,2024-09-05 10:00:00
2024-09-05 14:00:00+09:00,69300.0,69600.0,69200.0,69400.0,69400.0,3242299,2024-09-05 10:00:00
2024-09-05 09:00:00+09:00,70200.0,71200.0,70100.0,70600.0,70600.0,0,2024-09-05 10:00:01
2024-09-05 10:00:00+09:00,70600.0,70700.0,70100.0,70400.0,70400.0,3148227,2024-09-05 10:00:01
2024-09-05 11:00:00+09:00,70300.0,70400.0,70000.0,70200.0,70200.0,2045328,2024-09-05 10:00:01
2024-09-05 12:00:00+09:00,70100.0,70200.0,69600.0,69700.0,69700.0,2457758,2024-09-05 10:00:01
2024-09-05 13:00:00+09:00,69600.0,69800.0,69300.0,69400.0,69400.0,2931217,2024-09-05 10:00:01
2024-09-05 14:00:00+09:00,69300.0,69600.0,69200.0,69400.0,69400.0,3242299,2024-09-05 10:00:01
2024-09-06 09:00:00+09:00,69100.0,69400.0,68000.0,68900.0,68900.0,6171994,2024-09-06 02:33:31
2024-09-06 10:00:00+09:00,69000.0,69300.0,68200.0,69200.0,69200.0,2969870,2024-09-06 02:33:31
2024-09-06 11:00:00+09:00,69300.0,69700.0,69200.0,69400.0,69400.0,584184,2024-09-06 02:33:31
2024-09-06 09:00:00+09:00,69100.0,69400.0,68000.0,68900.0,68900.0,6171994,2024-09-06 02:33:31
2024-09-06 10:00:00+09:00,69000.0,69300.0,68200.0,69200.0,69200.0,2969870,2024-09-06 02:33:31
2024-09-06 11:00:00+09:00,69300.0,69700.0,69200.0,69400.0,69400.0,584184,2024-09-06 02:33:31
2024-09-06 09:00:00+09:00,69100.0,69400.0,68000.0,68900.0,68900.0,6171994,2024-09-06 02:33:31
2024-09-06 10:00:00+09:00,69000.0,69300.0,68200.0,69200.0,69200.0,2969870,2024-09-06 02:33:31
2024-09-06 11:00:00+09:00,69300.0,69700.0,69200.0,69400.0,69400.0,584184,2024-09-06 02:33:31
2024-09-06 09:00:00+09:00,69100.0,69400.0,68000.0,68900.0,68900.0,6171994,2024-09-06 02:33:31
2024-09-06 10:00:00+09:00,69000.0,69300.0,68200.0,69200.0,69200.0,2969870,2024-09-06 02:33:31
2024-09-06 11:00:00+09:00,69300.0,69700.0,69200.0,69400.0,69400.0,584184,2024-09-06 02:33:31
2024-09-06 09:00:00+09:00,69100.0,69400.0,68000.0,68900.0,68900.0,6171994,2024-09-06 03:00:01
2024-09-06 10:00:00+09:00,69000.0,69300.0,68200.0,69200.0,69200.0,2969870,2024-09-06 03:00:01
2024-09-06 11:00:00+09:00,69300.0,69700.0,69100.0,69100.0,69100.0,1339956,2024-09-06 03:00:01
2024-09-06 09:00:00+09:00,69100.0,69400.0,68000.0,68900.0,68900.0,6171994,2024-09-06 03:00:01
2024-09-06 10:00:00+09:00,69000.0,69300.0,68200.0,69200.0,69200.0,2969870,2024-09-06 03:00:01
2024-09-06 11:00:00+09:00,69300.0,69700.0,69100.0,69100.0,69100.0,1339956,2024-09-06 03:00:01
2024-09-06 09:00:00+09:00,69100.0,69400.0,68000.0,68900.0,68900.0,6171994,2024-09-06 04:05:47
2024-09-06 10:00:00+09:00,69000.0,69300.0,68200.0,69200.0,69200.0,2969870,2024-09-06 04:05:47
2024-09-06 11:00:00+09:00,69300.0,69700.0,69000.0,69200.0,69200.0,1657924,2024-09-06 04:05:47
2024-09-06 12:00:00+09:00,69200.0,69400.0,69000.0,69000.0,69000.0,875063,2024-09-06 04:05:47
2024-09-06 09:00:00+09:00,69100.0,69400.0,68000.0,68900.0,68900.0,6171994,2024-09-06 04:05:47
2024-09-06 10:00:00+09:00,69000.0,69300.0,68200.0,69200.0,69200.0,2969870,2024-09-06 04:05:47
2024-09-06 11:00:00+09:00,69300.0,69700.0,69000.0,69200.0,69200.0,1657924,2024-09-06 04:05:47
2024-09-06 12:00:00+09:00,69200.0,69400.0,69000.0,69000.0,69000.0,875063,2024-09-06 04:05:47
2024-09-06 09:00:00+09:00,69100.0,69400.0,68000.0,68900.0,68900.0,6171994,2024-09-06 05:01:17
2024-09-06 10:00:00+09:00,69000.0,69300.0,68200.0,69200.0,69200.0,2969870,2024-09-06 05:01:17
2024-09-06 11:00:00+09:00,69300.0,69700.0,69000.0,69200.0,69200.0,1657924,2024-09-06 05:01:17
2024-09-06 12:00:00+09:00,69200.0,69400.0,69000.0,69000.0,69000.0,1058615,2024-09-06 05:01:17
2024-09-06 13:00:00+09:00,69100.0,69100.0,68800.0,69000.0,69000.0,843496,2024-09-06 05:01:17
2024-09-06 09:00:00+09:00,69100.0,69400.0,68000.0,68900.0,68900.0,6171994,2024-09-06 05:01:17
2024-09-06 10:00:00+09:00,69000.0,69300.0,68200.0,69200.0,69200.0,2969870,2024-09-06 05:01:17
2024-09-06 11:00:00+09:00,69300.0,69700.0,69000.0,69200.0,69200.0,1657924,2024-09-06 05:01:17
2024-09-06 12:00:00+09:00,69200.0,69400.0,69000.0,69000.0,69000.0,1058615,2024-09-06 05:01:17
2024-09-06 13:00:00+09:00,69100.0,69100.0,68800.0,69000.0,69000.0,843496,2024-09-06 05:01:17
2024-09-06 09:00:00+09:00,69100.0,69400.0,68000.0,68900.0,68900.0,6171994,2024-09-06 06:00:00
2024-09-06 10:00:00+09:00,69000.0,69300.0,68200.0,69200.0,69200.0,2969870,2024-09-06 06:00:00
2024-09-06 11:00:00+09:00,69300.0,69700.0,69000.0,69200.0,69200.0,1657924,2024-09-06 06:00:00
2024-09-06 12:00:00+09:00,69200.0,69400.0,69000.0,69000.0,69000.0,1058615,2024-09-06 06:00:00
2024-09-06 13:00:00+09:00,69100.0,69400.0,68800.0,69000.0,69000.0,1678157,2024-09-06 06:00:00
2024-09-06 14:00:00+09:00,69100.0,69100.0,68700.0,68800.0,68800.0,1211796,2024-09-06 06:00:00
2024-09-06 09:00:00+09:00,69100.0,69400.0,68000.0,68900.0,68900.0,6171994,2024-09-06 06:00:00
2024-09-06 10:00:00+09:00,69000.0,69300.0,68200.0,69200.0,69200.0,2969870,2024-09-06 06:00:00
2024-09-06 11:00:00+09:00,69300.0,69700.0,69000.0,69200.0,69200.0,1657924,2024-09-06 06:00:00
2024-09-06 12:00:00+09:00,69200.0,69400.0,69000.0,69000.0,69000.0,1058615,2024-09-06 06:00:00
2024-09-06 13:00:00+09:00,69100.0,69400.0,68800.0,69000.0,69000.0,1678157,2024-09-06 06:00:00
2024-09-06 14:00:00+09:00,69100.0,69100.0,68700.0,68800.0,68800.0,1211796,2024-09-06 06:00:00
2024-09-06 09:00:00+09:00,69100.0,69400.0,68000.0,68900.0,68900.0,0,2024-09-06 07:00:01
2024-09-06 10:00:00+09:00,69000.0,69300.0,68200.0,69200.0,69200.0,2969870,2024-09-06 07:00:01
2024-09-06 11:00:00+09:00,69300.0,69700.0,69000.0,69200.0,69200.0,1657924,2024-09-06 07:00:01
2024-09-06 12:00:00+09:00,69200.0,69400.0,69000.0,69000.0,69000.0,1058615,2024-09-06 07:00:01
2024-09-06 13:00:00+09:00,69100.0,69400.0,68800.0,69000.0,69000.0,1678157,2024-09-06 07:00:01
2024-09-06 14:00:00+09:00,69100.0,69200.0,68600.0,69100.0,69100.0,2126229,2024-09-06 07:00:01
2024-09-06 09:00:00+09:00,69100.0,69400.0,68000.0,68900.0,68900.0,0,2024-09-06 07:00:01
2024-09-06 10:00:00+09:00,69000.0,69300.0,68200.0,69200.0,69200.0,2969870,2024-09-06 07:00:01
2024-09-06 11:00:00+09:00,69300.0,69700.0,69000.0,69200.0,69200.0,1657924,2024-09-06 07:00:01
2024-09-06 12:00:00+09:00,69200.0,69400.0,69000.0,69000.0,69000.0,1058615,2024-09-06 07:00:01
2024-09-06 13:00:00+09:00,69100.0,69400.0,68800.0,69000.0,69000.0,1678157,2024-09-06 07:00:01
2024-09-06 14:00:00+09:00,69100.0,69200.0,68600.0,69100.0,69100.0,2126229,2024-09-06 07:00:01
2024-09-06 09:00:00+09:00,69100.0,69400.0,68000.0,68900.0,68900.0,0,2024-09-06 08:00:01
2024-09-06 10:00:00+09:00,69000.0,69300.0,68200.0,69200.0,69200.0,2969870,2024-09-06 08:00:01
2024-09-06 11:00:00+09:00,69300.0,69700.0,69000.0,69200.0,69200.0,1657924,2024-09-06 08:00:01
2024-09-06 12:00:00+09:00,69200.0,69400.0,69000.0,69000.0,69000.0,1058615,2024-09-06 08:00:01
2024-09-06 13:00:00+09:00,69100.0,69400.0,68800.0,69000.0,69000.0,1678157,2024-09-06 08:00:01
2024-09-06 14:00:00+09:00,69100.0,69200.0,68600.0,69100.0,69100.0,2126229,2024-09-06 08:00:01
2024-09-06 09:00:00+09:00,69100.0,69400.0,68000.0,68900.0,68900.0,0,2024-09-06 08:00:01
2024-09-06 10:00:00+09:00,69000.0,69300.0,68200.0,69200.0,69200.0,2969870,2024-09-06 08:00:01
2024-09-06 11:00:00+09:00,69300.0,69700.0,69000.0,69200.0,69200.0,1657924,2024-09-06 08:00:01
2024-09-06 12:00:00+09:00,69200.0,69400.0,69000.0,69000.0,69000.0,1058615,2024-09-06 08:00:01
2024-09-06 13:00:00+09:00,69100.0,69400.0,68800.0,69000.0,69000.0,1678157,2024-09-06 08:00:01
2024-09-06 14:00:00+09:00,69100.0,69200.0,68600.0,69100.0,69100.0,2126229,2024-09-06 08:00:01
2024-09-06 09:00:00+09:00,69100.0,69400.0,68000.0,68900.0,68900.0,0,2024-09-06 11:00:01
2024-09-06 10:00:00+09:00,69000.0,69300.0,68200.0,69200.0,69200.0,2969870,2024-09-06 11:00:01
2024-09-06 11:00:00+09:00,69300.0,69700.0,69000.0,69200.0,69200.0,1657924,2024-09-06 11:00:01
2024-09-06 12:00:00+09:00,69200.0,69400.0,69000.0,69000.0,69000.0,1058615,2024-09-06 11:00:01
2024-09-06 13:00:00+09:00,69100.0,69400.0,68800.0,69000.0,69000.0,1678157,2024-09-06 11:00:01
2024-09-06 14:00:00+09:00,69100.0,69200.0,68600.0,69100.0,69100.0,2126229,2024-09-06 11:00:01
2024-09-06 09:00:00+09:00,69100.0,69400.0,68000.0,68900.0,68900.0,0,2024-09-06 11:00:01
2024-09-06 10:00:00+09:00,69000.0,69300.0,68200.0,69200.0,69200.0,2969870,2024-09-06 11:00:01
2024-09-06 11:00:00+09:00,69300.0,69700.0,69000.0,69200.0,69200.0,1657924,2024-09-06 11:00:01
2024-09-06 12:00:00+09:00,69200.0,69400.0,69000.0,69000.0,69000.0,1058615,2024-09-06 11:00:01
2024-09-06 13:00:00+09:00,69100.0,69400.0,68800.0,69000.0,69000.0,1678157,2024-09-06 11:00:01
2024-09-06 14:00:00+09:00,69100.0,69200.0,68600.0,69100.0,69100.0,2126229,2024-09-06 11:00:01
2024-09-06 09:00:00+09:00,69100.0,69400.0,68000.0,68900.0,68900.0,0,2024-09-08 03:00:01
2024-09-06 10:00:00+09:00,69000.0,69300.0,68200.0,69200.0,69200.0,2969870,2024-09-08 03:00:01
2024-09-06 11:00:00+09:00,69300.0,69700.0,69000.0,69200.0,69200.0,1657924,2024-09-08 03:00:01
2024-09-06 12:00:00+09:00,69200.0,69400.0,69000.0,69000.0,69000.0,1058615,2024-09-08 03:00:01
2024-09-06 13:00:00+09:00,69100.0,69400.0,68800.0,69000.0,69000.0,1678157,2024-09-08 03:00:01
2024-09-06 14:00:00+09:00,69100.0,69200.0,68600.0,69100.0,69100.0,2121669,2024-09-08 03:00:01
2024-09-06 09:00:00+09:00,69100.0,69400.0,68000.0,68900.0,68900.0,0,2024-09-08 03:00:01
2024-09-06 10:00:00+09:00,69000.0,69300.0,68200.0,69200.0,69200.0,2969870,2024-09-08 03:00:01
2024-09-06 11:00:00+09:00,69300.0,69700.0,69000.0,69200.0,69200.0,1657924,2024-09-08 03:00:01
2024-09-06 12:00:00+09:00,69200.0,69400.0,69000.0,69000.0,69000.0,1058615,2024-09-08 03:00:01
2024-09-06 13:00:00+09:00,69100.0,69400.0,68800.0,69000.0,69000.0,1678157,2024-09-08 03:00:01
2024-09-06 14:00:00+09:00,69100.0,69200.0,68600.0,69100.0,69100.0,2121669,2024-09-08 03:00:01
2024-09-06 09:00:00+09:00,69100.0,69400.0,68000.0,68900.0,68900.0,0,2024-09-08 04:00:01
2024-09-06 10:00:00+09:00,69000.0,69300.0,68200.0,69200.0,69200.0,2969870,2024-09-08 04:00:01
2024-09-06 11:00:00+09:00,69300.0,69700.0,69000.0,69200.0,69200.0,1657924,2024-09-08 04:00:01
2024-09-06 12:00:00+09:00,69200.0,69400.0,69000.0,69000.0,69000.0,1058615,2024-09-08 04:00:01
2024-09-06 13:00:00+09:00,69100.0,69400.0,68800.0,69000.0,69000.0,1678157,2024-09-08 04:00:01
2024-09-06 14:00:00+09:00,69100.0,69200.0,68600.0,69100.0,69100.0,2121669,2024-09-08 04:00:01
2024-09-06 09:00:00+09:00,69100.0,69400.0,68000.0,68900.0,68900.0,0,2024-09-08 04:00:01
2024-09-06 10:00:00+09:00,69000.0,69300.0,68200.0,69200.0,69200.0,2969870,2024-09-08 04:00:01
2024-09-06 11:00:00+09:00,69300.0,69700.0,69000.0,69200.0,69200.0,1657924,2024-09-08 04:00:01
2024-09-06 12:00:00+09:00,69200.0,69400.0,69000.0,69000.0,69000.0,1058615,2024-09-08 04:00:01
2024-09-06 13:00:00+09:00,69100.0,69400.0,68800.0,69000.0,69000.0,1678157,2024-09-08 04:00:01
2024-09-06 14:00:00+09:00,69100.0,69200.0,68600.0,69100.0,69100.0,2121669,2024-09-08 04:00:01
2024-09-06 09:00:00+09:00,69100.0,69400.0,68000.0,68900.0,68900.0,0,2024-09-08 05:00:01
2024-09-06 10:00:00+09:00,69000.0,69300.0,68200.0,69200.0,69200.0,2969870,2024-09-08 05:00:01
2024-09-06 11:00:00+09:00,69300.0,69700.0,69000.0,69200.0,69200.0,1657924,2024-09-08 05:00:01
2024-09-06 12:00:00+09:00,69200.0,69400.0,69000.0,69000.0,69000.0,1058615,2024-09-08 05:00:01
2024-09-06 13:00:00+09:00,69100.0,69400.0,68800.0,69000.0,69000.0,1678157,2024-09-08 05:00:01
2024-09-06 14:00:00+09:00,69100.0,69200.0,68600.0,69100.0,69100.0,2121669,2024-09-08 05:00:01
2024-09-06 09:00:00+09:00,69100.0,69400.0,68000.0,68900.0,68900.0,0,2024-09-08 05:00:01
2024-09-06 10:00:00+09:00,69000.0,69300.0,68200.0,69200.0,69200.0,2969870,2024-09-08 05:00:01
2024-09-06 11:00:00+09:00,69300.0,69700.0,69000.0,69200.0,69200.0,1657924,2024-09-08 05:00:01
2024-09-06 12:00:00+09:00,69200.0,69400.0,69000.0,69000.0,69000.0,1058615,2024-09-08 05:00:01
2024-09-06 13:00:00+09:00,69100.0,69400.0,68800.0,69000.0,69000.0,1678157,2024-09-08 05:00:01
2024-09-06 14:00:00+09:00,69100.0,69200.0,68600.0,69100.0,69100.0,2121669,2024-09-08 05:00:01
2024-09-06 09:00:00+09:00,69100.0,69400.0,68000.0,68900.0,68900.0,0,2024-09-08 06:00:01
2024-09-06 10:00:00+09:00,69000.0,69300.0,68200.0,69200.0,69200.0,2969870,2024-09-08 06:00:01
2024-09-06 11:00:00+09:00,69300.0,69700.0,69000.0,69200.0,69200.0,1657924,2024-09-08 06:00:01
2024-09-06 12:00:00+09:00,69200.0,69400.0,69000.0,69000.0,69000.0,1058615,2024-09-08 06:00:01
2024-09-06 13:00:00+09:00,69100.0,69400.0,68800.0,69000.0,69000.0,1678157,2024-09-08 06:00:01
2024-09-06 14:00:00+09:00,69100.0,69200.0,68600.0,69100.0,69100.0,2121669,2024-09-08 06:00:01
2024-09-06 09:00:00+09:00,69100.0,69400.0,68000.0,68900.0,68900.0,0,2024-09-08 06:00:00
2024-09-06 10:00:00+09:00,69000.0,69300.0,68200.0,69200.0,69200.0,2969870,2024-09-08 06:00:00
2024-09-06 11:00:00+09:00,69300.0,69700.0,69000.0,69200.0,69200.0,1657924,2024-09-08 06:00:00
2024-09-06 12:00:00+09:00,69200.0,69400.0,69000.0,69000.0,69000.0,1058615,2024-09-08 06:00:00
2024-09-06 13:00:00+09:00,69100.0,69400.0,68800.0,69000.0,69000.0,1678157,2024-09-08 06:00:00
2024-09-06 14:00:00+09:00,69100.0,69200.0,68600.0,69100.0,69100.0,2121669,2024-09-08 06:00:00
2024-09-11 09:00:00+09:00,65100.0,65500.0,64800.0,65200.0,65200.0,0,2024-09-11 16:01:44
2024-09-11 10:00:00+09:00,65100.0,65300.0,64800.0,65000.0,65000.0,5292114,2024-09-11 16:01:44
2024-09-11 11:00:00+09:00,64900.0,65400.0,64900.0,65300.0,65300.0,3369752,2024-09-11 16:01:44
2024-09-11 12:00:00+09:00,65300.0,65400.0,64800.0,64800.0,64800.0,3441943,2024-09-11 16:01:44
2024-09-11 13:00:00+09:00,64900.0,65000.0,64800.0,64900.0,64900.0,3031464,2024-09-11 16:01:44
2024-09-11 14:00:00+09:00,64800.0,64900.0,64200.0,64500.0,64500.0,7035931,2024-09-11 16:01:44
2024-09-11 09:00:00+09:00,65100.0,65500.0,64800.0,65200.0,65200.0,0,2024-09-11 16:01:44
2024-09-11 10:00:00+09:00,65100.0,65300.0,64800.0,65000.0,65000.0,5292114,2024-09-11 16:01:44
2024-09-11 11:00:00+09:00,64900.0,65400.0,64900.0,65300.0,65300.0,3369752,2024-09-11 16:01:44
2024-09-11 12:00:00+09:00,65300.0,65400.0,64800.0,64800.0,64800.0,3441943,2024-09-11 16:01:44
2024-09-11 13:00:00+09:00,64900.0,65000.0,64800.0,64900.0,64900.0,3031464,2024-09-11 16:01:44
2024-09-11 14:00:00+09:00,64800.0,64900.0,64200.0,64500.0,64500.0,7035931,2024-09-11 16:01:44
2024-09-11 09:00:00+09:00,65100.0,65500.0,64800.0,65200.0,65200.0,0,2024-09-11 16:01:44
2024-09-11 10:00:00+09:00,65100.0,65300.0,64800.0,65000.0,65000.0,5292114,2024-09-11 16:01:44
2024-09-11 11:00:00+09:00,64900.0,65400.0,64900.0,65300.0,65300.0,3369752,2024-09-11 16:01:44
2024-09-11 12:00:00+09:00,65300.0,65400.0,64800.0,64800.0,64800.0,3441943,2024-09-11 16:01:44
2024-09-11 13:00:00+09:00,64900.0,65000.0,64800.0,64900.0,64900.0,3031464,2024-09-11 16:01:44
2024-09-11 14:00:00+09:00,64800.0,64900.0,64200.0,64500.0,64500.0,7035931,2024-09-11 16:01:44
2024-09-11 09:00:00+09:00,65100.0,65500.0,64800.0,65200.0,65200.0,0,2024-09-11 16:01:44
2024-09-11 10:00:00+09:00,65100.0,65300.0,64800.0,65000.0,65000.0,5292114,2024-09-11 16:01:44
2024-09-11 11:00:00+09:00,64900.0,65400.0,64900.0,65300.0,65300.0,3369752,2024-09-11 16:01:44
2024-09-11 12:00:00+09:00,65300.0,65400.0,64800.0,64800.0,64800.0,3441943,2024-09-11 16:01:44
2024-09-11 13:00:00+09:00,64900.0,65000.0,64800.0,64900.0,64900.0,3031464,2024-09-11 16:01:44
2024-09-11 14:00:00+09:00,64800.0,64900.0,64200.0,64500.0,64500.0,7035931,2024-09-11 16:01:44
2024-09-11 09:00:00+09:00,65100.0,65500.0,64800.0,65200.0,65200.0,0,2024-09-11 16:30:01
2024-09-11 10:00:00+09:00,65100.0,65300.0,64800.0,65000.0,65000.0,5292114,2024-09-11 16:30:01
2024-09-11 11:00:00+09:00,64900.0,65400.0,64900.0,65300.0,65300.0,3369752,2024-09-11 16:30:01
2024-09-11 12:00:00+09:00,65300.0,65400.0,64800.0,64800.0,64800.0,3441943,2024-09-11 16:30:01
2024-09-11 13:00:00+09:00,64900.0,65000.0,64800.0,64900.0,64900.0,3031464,2024-09-11 16:30:01
2024-09-11 14:00:00+09:00,64800.0,64900.0,64200.0,64500.0,64500.0,7035931,2024-09-11 16:30:01
2024-09-11 09:00:00+09:00,65100.0,65500.0,64800.0,65200.0,65200.0,0,2024-09-11 17:30:00
2024-09-11 10:00:00+09:00,65100.0,65300.0,64800.0,65000.0,65000.0,5292114,2024-09-11 17:30:00
2024-09-11 11:00:00+09:00,64900.0,65400.0,64900.0,65300.0,65300.0,3369752,2024-09-11 17:30:00
2024-09-11 12:00:00+09:00,65300.0,65400.0,64800.0,64800.0,64800.0,3441943,2024-09-11 17:30:00
2024-09-11 13:00:00+09:00,64900.0,65000.0,64800.0,64900.0,64900.0,3031464,2024-09-11 17:30:00
2024-09-11 14:00:00+09:00,64800.0,64900.0,64200.0,64500.0,64500.0,7035931,2024-09-11 17:30:00
2024-09-13 09:00:00+09:00,65000.0,65500.0,64900.0,65100.0,65100.0,0,2024-09-13 16:15:58
2024-09-13 10:00:00+09:00,65000.0,65200.0,65000.0,65100.0,65100.0,2442145,2024-09-13 16:15:58
2024-09-13 11:00:00+09:00,65000.0,65100.0,64300.0,64300.0,64300.0,4401025,2024-09-13 16:15:58
2024-09-13 12:00:00+09:00,64400.0,64700.0,64300.0,64500.0,64500.0,1384597,2024-09-13 16:15:58
2024-09-13 13:00:00+09:00,64500.0,64600.0,64300.0,64500.0,64500.0,2885026,2024-09-13 16:15:58
2024-09-13 14:00:00+09:00,64500.0,64700.0,64400.0,64600.0,64600.0,3267858,2024-09-13 16:15:58
2024-09-13 09:00:00+09:00,65000.0,65500.0,64900.0,65100.0,65100.0,0,2024-09-13 16:15:58
2024-09-13 10:00:00+09:00,65000.0,65200.0,65000.0,65100.0,65100.0,2442145,2024-09-13 16:15:58
2024-09-13 11:00:00+09:00,65000.0,65100.0,64300.0,64300.0,64300.0,4401025,2024-09-13 16:15:58
2024-09-13 12:00:00+09:00,64400.0,64700.0,64300.0,64500.0,64500.0,1384597,2024-09-13 16:15:58
2024-09-13 13:00:00+09:00,64500.0,64600.0,64300.0,64500.0,64500.0,2885026,2024-09-13 16:15:58
2024-09-13 14:00:00+09:00,64500.0,64700.0,64400.0,64600.0,64600.0,3267858,2024-09-13 16:15:58
2024-09-13 09:00:00+09:00,65000.0,65500.0,64900.0,65100.0,65100.0,0,2024-09-13 16:15:59
2024-09-13 10:00:00+09:00,65000.0,65200.0,65000.0,65100.0,65100.0,2442145,2024-09-13 16:15:59
2024-09-13 11:00:00+09:00,65000.0,65100.0,64300.0,64300.0,64300.0,4401025,2024-09-13 16:15:59
2024-09-13 12:00:00+09:00,64400.0,64700.0,64300.0,64500.0,64500.0,1384597,2024-09-13 16:15:59
2024-09-13 13:00:00+09:00,64500.0,64600.0,64300.0,64500.0,64500.0,2885026,2024-09-13 16:15:59
2024-09-13 14:00:00+09:00,64500.0,64700.0,64400.0,64600.0,64600.0,3267858,2024-09-13 16:15:59
2024-09-13 09:00:00+09:00,65000.0,65500.0,64900.0,65100.0,65100.0,0,2024-09-13 16:15:59
2024-09-13 10:00:00+09:00,65000.0,65200.0,65000.0,65100.0,65100.0,2442145,2024-09-13 16:15:59
2024-09-13 11:00:00+09:00,65000.0,65100.0,64300.0,64300.0,64300.0,4401025,2024-09-13 16:15:59
2024-09-13 12:00:00+09:00,64400.0,64700.0,64300.0,64500.0,64500.0,1384597,2024-09-13 16:15:59
2024-09-13 13:00:00+09:00,64500.0,64600.0,64300.0,64500.0,64500.0,2885026,2024-09-13 16:15:59
2024-09-13 14:00:00+09:00,64500.0,64700.0,64400.0,64600.0,64600.0,3267858,2024-09-13 16:15:59
